uid,source,topic,scenario,question_type,requires_inference,inference_depth,num_facts_needed,association_type,memory_horizon,preference_polarity,preference_category,query,gold,inferred_target,evidence,is_answerable,fitness_score,verdict,tier,quality_flags,annotation_rationale,stored_facts,D1,D2,D3,D4,D5,D6,D7
personamem::therapy_persona0_Init_q44,personamem,therapy,associative,recommend,True,1,2,within_domain,short_term,dislike,hobby,"Hey, I'm planning a chill weekend at home and need some game suggestions. What would you recommend to keep things relaxed and enjoyable?","Based on what you've shared with me, I recommend diving into a serene puzzle adventure like 'Monument Valley.' Its stunning design and soothing soundtrack create a peaceful experience where you can navigate through mind-bending architecture without the stress of complex character roles or intricate storylines. It's perfect for a quiet and immersive weekend unwind!","Based on what you've shared with me, I recommend diving into a serene puzzle adventure like 'Monument Valley.' Its stunning design and soothing soundtrack create a peaceful experience where you can na",therapy_persona0_Init_q44,True,91,PASS,Ideal,stereotypical,type=recommendation_aligned_with_users_latest_preferences; D1=32/35 (inference); horizon=short_term.,Dislikes: role-playing games | Event: Kanoa tries out a role-playing game for relaxation but feels it is not his style.,32,15,9,15,10,5,5
personamem::therapy_persona0_Init_q28,personamem,therapy,associative,recall_latest_pref,False,0,1,temporal_update,short_term,like,health,I've been regularly attending a class that explores the mind-body connection and promotes relaxation.,I remember you mentioned your interest in yoga before. It's great that you're continuing to explore activities related to the mind-body connection.,I remember you mentioned your interest in yoga before. It's great that you're continuing to explore activities related to the mind-body connection.,therapy_persona0_Init_q28,True,69,FAIL,Unsuitable,stereotypical,type=recalling_the_latest_user_preferences; D1=10/35 (recall); horizon=short_term.,Likes: yoga | Event: He joins a yoga class to explore the mind-body connection and promote relaxation.,10,15,9,15,10,5,5
personamem::therapy_persona0_Init_q10,personamem,therapy,associative,recall_latest_pref,False,0,1,temporal_update,short_term,like,health,I took a walk outside the other day.,You mentioned before you really enjoy nature walks. It's great that you had the opportunity to go out and experience the fresh air.,You mentioned before you really enjoy nature walks. It's great that you had the opportunity to go out and experience the fresh air.,therapy_persona0_Init_q10,True,69,FAIL,Unsuitable,,type=recalling_the_latest_user_preferences; D1=10/35 (recall); horizon=short_term.,"Likes: nature walks | Event: He goes for a nature walk to practice mindfulness and reduce stress, enjoying the peace of the outdoors.",10,15,9,15,10,5,5
personamem::therapy_persona0_Week_q36,personamem,therapy,associative,recall_fact,False,0,1,none,short_term,dislike,health,How can I better balance my passions with activities aimed at contributing to society?,"It sounds like you've experienced the challenge of balancing your passion for music with activities like community service projects. It’s important to recognize where your true passion lies and prioritize accordingly. One approach could be to find ways to incorporate music into service opportunities, allowing you to give back while still nourishing your creative side. What are some other ways you might integrate these aspects of your life?",It sounds like you've experienced the challenge of balancing your passion for music with activities like community service projects. It’s important to recognize where your true passion lies and priori,therapy_persona0_Week_q36,True,62,FAIL,Unsuitable,,type=recalling_facts_mentioned_by_the_user; D1=3/35 (recall); horizon=short_term.,Dislikes: community service projects | Event: He tries participating in a community service project but feels it detracts from his focus on music and creativity.,3,15,9,15,10,5,5
personamem::therapy_persona0_Year_q43,personamem,therapy,associative,recall_reason,False,1,1,none,long_term,neutral,health,"I've been considering using structured planning techniques in my creative writing sessions, but I'm not sure if it's the right approach for me. What do you think?","It's interesting to hear that you've changed your attitude again. Remembering how guided imagery previously distracted you from your musical ideas, I'm curious to know if this recent shift aligns with or diverges from that experience. Can you share more about what has influenced this new perspective?","It's interesting to hear that you've changed your attitude again. Remembering how guided imagery previously distracted you from your musical ideas, I'm curious to know if this recent shift aligns with",therapy_persona0_Year_q43,True,76,FAIL,Marginal,,type=recalling_the_reasons_behind_previous_updates; D1=16/35 (recall); horizon=long_term.,Event: Kanoa decides to abandon guided imagery and focuses solely on improvisation for performances.,16,10,15,15,10,5,5
personamem::writing_persona0_q9,personamem,writing,associative,discriminate,True,1,2,within_domain,short_term,neutral,writing,Which of the following writing samples best aligns with the writer's persona above?,"Creating music with MIDI files is a lot like cooking with diverse ingredients—only this time, you're blending coconut rhythms with electronic beats! 🎶 MIDI, which stands for Musical Instrument Digital Interface, is a protocol that allows various musical instruments and computers to communicate. Essentially, MIDI files encode musical information in a binary format, making it versatile for composers like us. We can tweak tempo, change instruments, or even transpose entire pieces without re-recording everything. Imagine being able to take a traditional Pacific drum pattern and seamlessly incorporate it into an electronic dance track—talk about cross-cultural innovation! When working with MIDI files, it's helpful to use specific software tools like digital audio workstations (DAWs) that support MIDI functionality. Just load your MIDI file, initialize the player, and you're ready to create magic. However, don't be surprised if debugging MIDI sometimes feels like solving a musical puzzle—it's part of the fun! Ultimately, the goal is to make technology our ally in preserving and celebrating our musical roots. So, let's venture into this soundscape, one byte at a time, and create something uniquely ours. 🌺","Creating music with MIDI files is a lot like cooking with diverse ingredients—only this time, you're blending coconut rhythms with electronic beats! 🎶 MIDI, which stands for Musical Instrument Digital",writing_persona0_q9,True,87,PASS,Good,,type=discriminating_new_writing_samples_aligned_with_users_preferences; D1=33/35 (inference); horizon=short_term.,,33,10,9,15,10,5,5
personamem::writing_persona0_q4,personamem,writing,associative,discriminate,True,1,2,within_domain,short_term,neutral,writing,Which of the following writing samples best aligns with the writer's persona above?,"Kanoa Manu is on a mission to bring the harmonious sounds of his Pacific Islander roots into the digital age. 🌺 With a deep understanding of both traditional music and the complexities of the MIDI protocol, he immerses himself in the art of encoding sequence data. MIDI files, in their binary glory, are his playground, where he translates cultural rhythms into accessible electronic tunes. Debugging these files is sometimes like solving a musical puzzle; just imagine the satisfaction of hitting 'play' and hearing the beats align perfectly! Kanoa loves to break down the seemingly arcane world of MIDI into concise, digestible insights. For him, explaining that ""MIDI files encode musical information in a binary format"" demystifies the process for everyone. It's all about keeping the tone light and friendly—we're all in this sound journey together. To help fellow musicians dive into this fusion of sounds, Kanoa dreams of an app (and who doesn't love a good app?) that seamlessly integrates the traditional with the contemporary. According to the MIDI Association, there’s potential to revolutionize how we blend digital and cultural sounds, and Kanoa is ready to lead the charge. 🎵",Kanoa Manu is on a mission to bring the harmonious sounds of his Pacific Islander roots into the digital age. 🌺 With a deep understanding of both traditional music and the complexities of the MIDI pro,writing_persona0_q4,True,87,PASS,Good,,type=discriminating_new_writing_samples_aligned_with_users_preferences; D1=33/35 (inference); horizon=short_term.,,33,10,9,15,10,5,5
personamem::writing_persona0_q5,personamem,writing,associative,discriminate,True,1,2,within_domain,short_term,neutral,writing,Which of the following writing samples best aligns with the writer's persona above?,"In the world of sound and rhythm, blending tradition with technology isn't just an idea; it's an adventure we embark on together! 🎶 Picture this: MIDI files, the unsung heroes of digital music, take the stage, encoding sequences of notes in their unique binary language. Anyone diving into the MIDI protocol quickly discovers it's like composing with digital Legos, where each piece fits perfectly to create something extraordinary. The beauty of MIDI lies in its simplicity and power, allowing us to transform sequences into symphonies. As we explore the harmonious fusion of traditional Pacific Islander sounds and electronic music, the MIDI toolbox becomes our best friend. Debugging these files can feel like solving a musical puzzle, but that's where the fun is, right? 😄 Just like a software update that breathes new life into our devices, Kanoa's vision is to craft an app enabling musicians to sprinkle the essence of island melodies into contemporary tracks effortlessly. So, as we code and compose, we're not just creating music; we're stitching a rich tapestry of modernity interwoven with cultural heritage, note by note. Let's keep our spirits high and fingers busy on those keyboards, for innovation is always just a MIDI file away!","In the world of sound and rhythm, blending tradition with technology isn't just an idea; it's an adventure we embark on together! 🎶 Picture this: MIDI files, the unsung heroes of digital music, take t",writing_persona0_q5,True,87,PASS,Good,,type=discriminating_new_writing_samples_aligned_with_users_preferences; D1=33/35 (inference); horizon=short_term.,,33,10,9,15,10,5,5
personamem::writing_persona0_q8,personamem,writing,associative,discriminate,True,1,2,within_domain,short_term,neutral,writing,Which of the following writing samples best aligns with the writer's persona above?,"When we dive into the world of MIDI files, it’s a bit like unlocking the digital DNA of music! 🧬🎶 These files encode musical information in a binary format, allowing us to wield technology's power to bring our melodies to life. But wait, what exactly is MIDI? MIDI stands for Musical Instrument Digital Interface, a protocol that enables electronic instruments and computers to communicate. Think of it as a universal language for musical gadgets. With MIDI, we can sequence data to orchestrate complex compositions or just enjoy the harmony of traditional Pacific sounds blending with modern beats. Imagine debugging these musical puzzles—it’s like solving a sonic sudoku! 😉 For those ready to jump in, the steps are straightforward: 1) Load your MIDI file, 2) Initialize the player, and 3) Hit play as your digital symphony unfolds. As much as I love geeking out over this, I always aim to keep our exploration friendly and approachable so everyone can join in the fun. And yes, while some might say that MIDI is a relic of the past, I prefer to see it as a bridge connecting traditional and contemporary musical worlds.","When we dive into the world of MIDI files, it’s a bit like unlocking the digital DNA of music! 🧬🎶 These files encode musical information in a binary format, allowing us to wield technology's power to ",writing_persona0_q8,True,87,PASS,Good,,type=discriminating_new_writing_samples_aligned_with_users_preferences; D1=33/35 (inference); horizon=short_term.,,33,10,9,15,10,5,5
personamem::writing_persona0_q0,personamem,writing,associative,discriminate,True,1,2,within_domain,short_term,neutral,writing,Which of the following writing samples best aligns with the writer's persona above?,"When working with MIDI files, the first thing we need to understand is their role in representing music digitally 🎶. Think of MIDI as the universal language that computers and musical instruments use to communicate. Rather than storing actual sound, MIDI files encode musical information in a binary format, like notes and timings, which then gets played back on compatible devices. This separation of data and sound gives us flexibility, allowing us to swap instruments or modify tracks without losing the groundwork. To begin playing with MIDI, you'd typically follow these steps: 1) Load your MIDI file into a software or hardware sequencer, 2) Configure your output settings (like choosing your virtual instruments), and 3) Initialize the player with `midiPlayer.play(midiFile)`. It’s a simple process, but one where the magic of blending traditional and electronic happens. Now, if you’re anything like me, you’ve probably encountered some bumps along the way—debugging MIDI files can sometimes feel like solving a musical puzzle! But that's part of the fun, right? Embracing these challenges makes us better creators and ensures our app will resonate not just with the latest tech-savvy musicians but also with those wanting to preserve and transform their cultural heritage. According to the MIDI Association, this adaptability is one reason MIDI remains a staple in modern music production. And who knows? Your next tune might just be the perfect fusion of past and future!","When working with MIDI files, the first thing we need to understand is their role in representing music digitally 🎶. Think of MIDI as the universal language that computers and musical instruments use ",writing_persona0_q0,True,87,PASS,Good,,type=discriminating_new_writing_samples_aligned_with_users_preferences; D1=33/35 (inference); horizon=short_term.,,33,10,9,15,10,5,5
personamem::bookRecommendation_persona0_Month_q1,personamem,bookRecommendation,associative,recall_latest_pref,False,0,1,temporal_update,short_term,like,hobby,I recall that art exhibit with pieces inspired by books and musicians.,I remember you mentioned enjoying creating artwork inspired by your favorite books. It's great to hear about your experiences with that exhibit.,I remember you mentioned enjoying creating artwork inspired by your favorite books. It's great to hear about your experiences with that exhibit.,bookRecommendation_persona0_Month_q1,True,69,FAIL,Unsuitable,,type=recalling_the_latest_user_preferences; D1=10/35 (recall); horizon=short_term.,Likes: Creating book-inspired artwork | Event: Kanoa organized an art exhibit featuring his artwork inspired by favorite books and musicians.,10,15,9,15,10,5,5
personamem::bookRecommendation_persona0_Week_q21,personamem,bookRecommendation,associative,recall_fact,False,0,1,none,long_term,like,hobby,I'm curious about trying a new literary genre. Do you have recommendations for exploring unique cultures through literature?,"Since you're interested in exploring unique cultures, have you considered looking into Pacific Islander literature? It offers a rich tapestry of stories that reflect diverse cultures and histories. Even if it's not your current focus, it might resonate with you again in the future.","Since you're interested in exploring unique cultures, have you considered looking into Pacific Islander literature? It offers a rich tapestry of stories that reflect diverse cultures and histories. Ev",bookRecommendation_persona0_Week_q21,True,68,FAIL,Unsuitable,,type=recalling_facts_mentioned_by_the_user; D1=3/35 (recall); horizon=long_term.,"Likes: Participating in reading challenges | Event: Kanoa decided to embark on a reading challenge, pushing himself to discover new authors.",3,15,15,15,10,5,5
personamem::bookRecommendation_persona0_Year_q2,personamem,bookRecommendation,associative,recommend,True,1,2,within_domain,short_term,like,hobby,I'm hosting a gathering where the theme revolves around mystery. Can you suggest some music that would enhance the experience?,Diving into an enigmatic narrative requires a playlist that elevates the suspense and allure of mystery. I'd recommend curating a playlist with haunting yet melodic tracks like Agnes Obel's 'The Curse' and Max Richter's 'On the Nature of Daylight'. These selections not only complement the atmosphere of a mystery-themed gathering but will evoke a blend of emotions and nostalgia that resonate with the depth of literature. Perfect for sparking discussions that intertwine with the intrigue of your chosen theme!,Diving into an enigmatic narrative requires a playlist that elevates the suspense and allure of mystery. I'd recommend curating a playlist with haunting yet melodic tracks like Agnes Obel's 'The Curse,bookRecommendation_persona0_Year_q2,True,91,PASS,Ideal,,type=recommendation_aligned_with_users_latest_preferences; D1=32/35 (inference); horizon=short_term.,"Likes: Curating book playlists (music) to accompany reading | Event: Kanoa created an extensive playlist for a book festival he was invited to, blending contemporary and traditional sounds.",32,15,9,15,10,5,5
personamem::bookRecommendation_persona0_Week_q5,personamem,bookRecommendation,associative,recall_latest_pref,False,0,1,temporal_update,short_term,like,hobby,I recently came across something about innovative music techniques while going through some content.,"I remember you enjoy listening to audiobooks, perhaps exploring more audiobooks on this topic could inspire further creative ideas. It's always nice to integrate personal interests with ongoing projects.","I remember you enjoy listening to audiobooks, perhaps exploring more audiobooks on this topic could inspire further creative ideas. It's always nice to integrate personal interests with ongoing projec",bookRecommendation_persona0_Week_q5,True,69,FAIL,Unsuitable,,type=recalling_the_latest_user_preferences; D1=10/35 (recall); horizon=short_term.,Likes: Listening to audiobooks | Event: Kanoa listened to an audiobook on innovative music techniques that sparked new ideas for his projects.,10,15,9,15,10,5,5
personamem::bookRecommendation_persona0_Year_q37,personamem,bookRecommendation,associative,recommend,True,1,2,within_domain,long_term,like,hobby,I'm in need of some fresh creative inspiration. Do you have any book recommendations that could help rejuvenate my artistic process?,"Absolutely! If you found resonance in the artistic struggles and triumphs of musicians, 'Just Kids' by Patti Smith might be the perfect memoir to ignite your creative journey. Smith eloquently captures the raw essence of her unique artistic path intertwined with music and poetry. Her story, set against the backdrop of a transforming New York City, intertwines traditional artistic exploration with a modern lens, mirroring your own interest in blending narratives. The way she weaves her personal growth into the rich cultural tapestry of her life could provide that spark you’re seeking. It’s more than just a memoir; it’s an intimate dance with creativity and resilience that might fuel your own storytelling endeavors.","Absolutely! If you found resonance in the artistic struggles and triumphs of musicians, 'Just Kids' by Patti Smith might be the perfect memoir to ignite your creative journey. Smith eloquently capture",bookRecommendation_persona0_Year_q37,True,97,PASS,Ideal,,type=recommendation_aligned_with_users_latest_preferences; D1=32/35 (inference); horizon=long_term.,"Likes: Reading memoirs of musicians and creatives | Event: Kanoa read a memoir of an eccentric musician, which inspired him to go deeper into the intersections of life and art.",32,15,15,15,10,5,5
personamem::coding_persona0_q3,personamem,coding,associative,discriminate,True,1,2,within_domain,short_term,neutral,work,Which of the following writing samples best aligns with the writer's persona above?,"```python
import mido
from mido import MidiFile, Message

def load_midi(file_path: str) -> MidiFile:
    """"""
    Loads a MIDI file from the specified file path.

    Parameters:
    file_path (str): The path to the MIDI file to be loaded.

    Returns:
    MidiFile: A MidiFile object representing the loaded MIDI data.
    
    Raises:
    IOError: If the file cannot be opened or read.
    ValueError: If the file is not a valid MIDI format.
    """"""
    try:
        midi = MidiFile(file_path)
    except IOError as e:
        print(f""Failed to load the MIDI file: {e}"")
        raise
    except ValueError as e:
        print(f""Invalid MIDI file format: {e}"")
        raise
    return midi

def play_midi(midi: MidiFile):
    """"""
    Plays the MIDI file by sending MIDI messages to a synthesizer.

    Parameters:
    midi (MidiFile): The MidiFile object to be played.
    """"""
    for i, track in enumerate(midi.tracks):
        print(f'Playing track {i}: {track.name}')
        for msg in track:
            if not msg.is_meta:
                # Delay the message by the message's time attribute to keep musical timing
                time.sleep(msg.time)
                # In a real-world application, this would be sent to a synthesizer or MIDI interface
                print(msg)

def process_midi(file_path: str):
    """"""
    Loads and plays a MIDI file from the given path.

    Parameters:
    file_path (str): The path to the MIDI file to be processed.
    """"""
    midi = load_midi(file_path)
    play_midi(midi)

if __name__ == '__main__':
    # Example usage
    midi_file_path = 'path/to/your/midi_file.mid'
    process_midi(midi_file_path)
```","```python
import mido
from mido import MidiFile, Message

def load_midi(file_path: str) -> MidiFile:
    """"""
    Loads a MIDI file from the specified file path.

    Parameters:
    file_path (str): T",coding_persona0_q3,True,87,PASS,Good,,type=discriminating_new_writing_samples_aligned_with_users_preferences; D1=33/35 (inference); horizon=short_term.,,33,10,9,15,10,5,5
personamem::coding_persona0_q4,personamem,coding,associative,discriminate,True,1,2,within_domain,short_term,neutral,work,Which of the following writing samples best aligns with the writer's persona above?,"```python
import mido
from mido import MidiFile

class MidiPlayer:
    """"""A class to load, play, and stop MIDI files with integrated error handling.""""""
    
    def __init__(self):
        self.current_midi = None

    def load_midi(self, file_path: str) -> None:
        """"""
        Loads a MIDI file from the given file path.

        Parameters:
            file_path (str): Path to the MIDI file.

        Raises:
            FileNotFoundError: If the MIDI file is not found.
            IOError: If there is an error reading the file.
        """"""
        try:
            self.current_midi = MidiFile(file_path)
        except FileNotFoundError:
            raise FileNotFoundError(f""The file at {file_path} was not found."")
        except IOError as e:
            raise IOError(f""Error reading {file_path}: {e}"")

    def play_midi(self) -> None:
        """"""Plays the currently loaded MIDI file.""""""
        if not self.current_midi:
            raise ValueError(""No MIDI file loaded. Please load a MIDI file first."")
        
        for msg in self.current_midi.play():
            self._process_midi_event(msg)

    def _process_midi_event(self, msg) -> None:
        """"""
        Processes and outputs MIDI events.
        
        Parameters:
            msg: The MIDI message to process.
        """"""
        # Complex MIDI processing logic can be added here.
        print(msg)  # This would use logging in a full application

    def stop(self) -> None:
        """"""Stops MIDI playback. Placeholder for actual stop functionality.""""""
        pass

# Example usage
if __name__ == ""__main__"":
    player = MidiPlayer()
    try:
        player.load_midi(""path_to_midi_file.mid"")
        player.play_midi()
    except (FileNotFoundError, IOError, ValueError) as e:
        print(f""An error occurred: {e}"")
```","```python
import mido
from mido import MidiFile

class MidiPlayer:
    """"""A class to load, play, and stop MIDI files with integrated error handling.""""""
    
    def __init__(self):
        self.curren",coding_persona0_q4,True,87,PASS,Good,,type=discriminating_new_writing_samples_aligned_with_users_preferences; D1=33/35 (inference); horizon=short_term.,,33,10,9,15,10,5,5
personamem::coding_persona0_q7,personamem,coding,associative,discriminate,True,1,2,within_domain,short_term,neutral,work,Which of the following writing samples best aligns with the writer's persona above?,"```python
import mido
from mido import MidiFile, MidiTrack, Message

def load_midi(file_path: str) -> MidiFile:
    """"""
    Load a MIDI file from the provided file path.

    Parameters:
    file_path (str): The path to the MIDI file to be loaded.

    Returns:
    MidiFile: The loaded MIDI file object.
    """"""
    try:
        return MidiFile(file_path)
    except (IOError, FileNotFoundError) as e:
        raise Exception(f""Error loading MIDI file: {e}"")

def play_midi_file(midi: MidiFile):
    """"""
    Play the given MIDI file using a MIDI output port.

    Parameters:
    midi (MidiFile): The MidiFile object containing MIDI tracks and messages.
    """"""
    with mido.open_output() as output:
        for message in midi:
            if not message.is_meta:
                output.send(message)

def main():
    """"""
    Main function to load and play a sample MIDI file.
    """"""
    midi_file_path = 'traditional_pacific_tune.mid'
    midi_file = load_midi(midi_file_path)
    play_midi_file(midi_file)

if __name__ == ""__main__"":
    main()
```","```python
import mido
from mido import MidiFile, MidiTrack, Message

def load_midi(file_path: str) -> MidiFile:
    """"""
    Load a MIDI file from the provided file path.

    Parameters:
    file_path",coding_persona0_q7,True,87,PASS,Good,,type=discriminating_new_writing_samples_aligned_with_users_preferences; D1=33/35 (inference); horizon=short_term.,,33,10,9,15,10,5,5
personamem::coding_persona0_q1,personamem,coding,associative,discriminate,True,1,2,within_domain,short_term,neutral,work,Which of the following writing samples best aligns with the writer's persona above?,"```python
import mido
from mido import MidiFile, MidiTrack, Message

def load_midi(file_path):
    """"""
    Loads a MIDI file from the specified path.

    Parameters:
    file_path (str): The path to the MIDI file to be loaded.

    Returns:
    MidiFile: An instance of MidiFile representing the loaded MIDI file.
    """"""
    try:
        return MidiFile(file_path)
    except IOError as e:
        print(f""Error loading MIDI file: {e}"")
        return None

def play_midi_file(midi):
    """"""
    Plays the loaded MIDI file.

    Parameters:
    midi (MidiFile): The MIDI file to be played.
    """"""
    for msg in midi.play():
        # Simulate playing the message
        if not msg.is_meta:
            print(msg)

def stop_midi():
    """"""
    Stops MIDI playback if necessary.
    """"""
    # Implementation to stop MIDI playback if needed
    print(""MIDI playback stopped"")

def main():
    """"""
    Main function to load and play a MIDI file.
    """"""
    midi_file_path = 'path/to/midi/file.mid'
    
    midi = load_midi(midi_file_path)
    if midi:
        play_midi_file(midi)
    else:
        print(""Unable to play the MIDI file."")

if __name__ == '__main__':
    main()
```","```python
import mido
from mido import MidiFile, MidiTrack, Message

def load_midi(file_path):
    """"""
    Loads a MIDI file from the specified path.

    Parameters:
    file_path (str): The path to ",coding_persona0_q1,True,87,PASS,Good,,type=discriminating_new_writing_samples_aligned_with_users_preferences; D1=33/35 (inference); horizon=short_term.,,33,10,9,15,10,5,5
personamem::coding_persona0_q5,personamem,coding,associative,discriminate,True,1,2,within_domain,short_term,neutral,work,Which of the following writing samples best aligns with the writer's persona above?,"```python
import mido
from mido import MidiFile

def load_midi(file_path):
    """"""
    Load a MIDI file from the provided file path.

    Parameters:
    - file_path (str): The path to the MIDI file that needs to be loaded.

    Returns:
    - MidiFile: An instance of the MidiFile class representing the MIDI data.
    """"""
    try:
        midi_data = MidiFile(file_path)
        return midi_data
    except IOError as e:
        print(f""Error loading MIDI file at {file_path}: {e}"")
        return None

def play_midi_file(midi_data):
    """"""
    Play the loaded MIDI file.

    Parameters:
    - midi_data (MidiFile): The MidiFile instance containing MIDI data to be played.
    """"""
    if midi_data is None:
        print(""No valid MIDI data to play."")
        return

    for track in midi_data.tracks:
        for msg in track:
            # Play each message with appropriate delay
            time.sleep(msg.time)
            # Here you would send the message to a MIDI output
            print(msg)

def stop_midi_file():
    """"""
    Stop the MIDI playback.

    This function would interface with the MIDI output to stop playback.
    """"""
    # Implementation to stop the MIDI playback
    print(""Stopping MIDI playback."")

def main():
    """"""
    Main execution function for loading and playing a MIDI file.
    """"""
    file_path = 'path/to/midi_file.mid'
    midi_data = load_midi(file_path)
    play_midi_file(midi_data)
    stop_midi_file()

if __name__ == ""__main__"":
    main()
```","```python
import mido
from mido import MidiFile

def load_midi(file_path):
    """"""
    Load a MIDI file from the provided file path.

    Parameters:
    - file_path (str): The path to the MIDI file t",coding_persona0_q5,True,87,PASS,Good,,type=discriminating_new_writing_samples_aligned_with_users_preferences; D1=33/35 (inference); horizon=short_term.,,33,10,9,15,10,5,5
personamem::datingConsultation_persona0_Year_q19,personamem,datingConsultation,associative,recall_fact,False,0,1,none,short_term,like,relationship,Can you suggest some unique ways to bond with friends over food?,"One great way to bond with friends over food is by organizing a themed dining challenge, similar to the restaurant month adventure you organized. Exploring new dining spots together, especially small, family-owned eateries, not only supports local businesses but also opens you and your friends to new culinary experiences. It's always fun to share thoughts on new dishes and enjoy laughter-filled conversations during these outings.","One great way to bond with friends over food is by organizing a themed dining challenge, similar to the restaurant month adventure you organized. Exploring new dining spots together, especially small,",datingConsultation_persona0_Year_q19,True,62,FAIL,Unsuitable,,type=recalling_facts_mentioned_by_the_user; D1=3/35 (recall); horizon=short_term.,"Likes: exploring new restaurants with friends | Event: Hosted a restaurant month challenge, inviting friends to find and try new places together.",3,15,9,15,10,5,5
personamem::datingConsultation_persona0_Year_q43,personamem,datingConsultation,associative,generalize,True,2,2,cross_domain,long_term,neutral,relationship,I've been considering different types of first meetings with new people. Do you have any suggestions for an activity that might help me to really get to know someone?,"Given your preference for settings that foster better personal connection, I suggest considering activities that allow for meaningful conversation in a relaxed environment, such as a quiet café visit or a small group dinner. These settings not only help in building rapport but also make it easier to engage in deep, personal discussions. If you're open to trying something new, attending a small art workshop or a book club meeting are also great ways to connect with someone on a more personal level.","Given your preference for settings that foster better personal connection, I suggest considering activities that allow for meaningful conversation in a relaxed environment, such as a quiet café visit ",datingConsultation_persona0_Year_q43,True,95,PASS,Ideal,,type=generalizing_past_reasons_in_memory_to_new_scenarios; D1=35/35 (inference); horizon=long_term.,Event: Transitioned back to traditional coffee dates instead of hiking as a more comfortable setting to connect.,35,10,15,15,10,5,5
personamem::datingConsultation_persona0_Init_q9,personamem,datingConsultation,associative,recall_fact,False,0,1,none,short_term,like,writing,How do you think I can improve my ability to connect with others through writing about personal experiences?,"Considering your experience with writing a dating blog where you explored feelings like joy, confusion, and frustration, you might continue to delve deeply into your emotions and experiences. This process allows you to create content that resonates with readers who share similar experiences, enhancing your ability to connect with them on a personal level.","Considering your experience with writing a dating blog where you explored feelings like joy, confusion, and frustration, you might continue to delve deeply into your emotions and experiences. This pro",datingConsultation_persona0_Init_q9,True,62,FAIL,Unsuitable,,type=recalling_facts_mentioned_by_the_user; D1=3/35 (recall); horizon=short_term.,Likes: writing a dating blog | Event: Wrote a new blog post about recent dating experiences.,3,15,9,15,10,5,5
personamem::datingConsultation_persona0_Month_q37,personamem,datingConsultation,associative,recall_reason,False,1,1,none,short_term,neutral,relationship,I've been thinking about joining a weekend hiking group. Do you think it's worth trying out?,"It's great to hear that you've found new reasons to enjoy cooking classes and bond with others over a shared activity. If your attitude shifts again in the future, it will be understood as a natural progression in your preferences. The positive experiences and the fun of learning new recipes could still influence how you feel about other similar activities, even amidst changes.","It's great to hear that you've found new reasons to enjoy cooking classes and bond with others over a shared activity. If your attitude shifts again in the future, it will be understood as a natural p",datingConsultation_persona0_Month_q37,True,70,FAIL,Marginal,stereotypical,type=recalling_the_reasons_behind_previous_updates; D1=16/35 (recall); horizon=short_term.,Event: Joined a new cooking class designed for couples and singles to learn cooking skills together.,16,10,9,15,10,5,5
personamem::datingConsultation_persona0_Year_q15,personamem,datingConsultation,associative,recall_fact,False,0,1,none,long_term,neutral,relationship,What are some tips for making a hiking adventure date feel more exciting and enjoyable?,"For your upcoming hiking date, considering it's more of an adventure, you might want to bring along some snacks to enjoy during breaks, perhaps some that both you and your date haven't tried before. Engaging in light conversation about the surrounding nature can also enhance the experience, plus sharing the task of navigating the trails can offer a sense of teamwork and shared excitement.","For your upcoming hiking date, considering it's more of an adventure, you might want to bring along some snacks to enjoy during breaks, perhaps some that both you and your date haven't tried before. E",datingConsultation_persona0_Year_q15,True,63,FAIL,Unsuitable,,type=recalling_facts_mentioned_by_the_user; D1=3/35 (recall); horizon=long_term.,"Event: Plan a scenic hiking trip with a new person, focusing on exploration rather than pressure.",3,10,15,15,10,5,5
personamem::email_persona0_q3,personamem,email,associative,discriminate,True,1,2,within_domain,short_term,neutral,work,Which of the following writing samples best aligns with the writer's persona above?,"```plaintext
Subject: MIDI File Experiment – Results Needed

Hi Team,

I hope you're having a great day! 😊 As part of our ongoing project, I've attached a new MIDI file that incorporates traditional Pacific sounds with an electronic twist. Please find the attached MIDI file for testing.

Key features of the file include:
- High-quality sound
- Adjustable tempo (currently set at 120 BPM)

Here's a simple Python script to play the MIDI: 
```python
import pygame
pygame.init()
pygame.mixer.music.load('path_to_file.midi')
pygame.mixer.music.play()
```

The experiment will begin on Friday. Please confirm your availability to review the results. Your feedback will be invaluable as we aim to refine these integrations further.

Looking forward to this experiment! 🎶 If you have any questions, feel free to reach out.

Best,
Kanoa Manu
Software Engineer
```","```plaintext
Subject: MIDI File Experiment – Results Needed

Hi Team,

I hope you're having a great day! 😊 As part of our ongoing project, I've attached a new MIDI file that incorporates traditional P",email_persona0_q3,True,87,PASS,Good,,type=discriminating_new_writing_samples_aligned_with_users_preferences; D1=33/35 (inference); horizon=short_term.,,33,10,9,15,10,5,5
personamem::email_persona0_q7,personamem,email,associative,discriminate,True,1,2,within_domain,short_term,neutral,work,Which of the following writing samples best aligns with the writer's persona above?,"Subject: MIDI File Experiment – Your Review Requested

Hi Team,

Hope you're having a great day! I wanted to share the latest MIDI file that I've been working on for our current project. Please find the attached MIDI file for testing. Specifically, I've adjusted the tempo to 120 BPM to better match traditional Pacific rhythms with contemporary electronic melodies.

Key Features:
- High-quality sound samples
- Adjustable tempo settings
- Integration with common DAWs

For those interested in testing, here's a simple Python script to play the MIDI:

```python
import pygame

def play_midi(file_path):
    pygame.init()
    pygame.mixer.music.load(file_path)
    pygame.mixer.music.play()
    while pygame.mixer.music.get_busy():
        pygame.time.Clock().tick(10)

play_midi('path_to_midi_file.mid')
```

Looking forward to this experiment! 🎶 Your feedback will be valuable in refining the fusion of traditional and electronic sounds in our app. Please let me know your thoughts by the end of the week.

Best,
Kanoa Manu  
Software Engineer","Subject: MIDI File Experiment – Your Review Requested

Hi Team,

Hope you're having a great day! I wanted to share the latest MIDI file that I've been working on for our current project. Please find t",email_persona0_q7,True,87,PASS,Good,,type=discriminating_new_writing_samples_aligned_with_users_preferences; D1=33/35 (inference); horizon=short_term.,,33,10,9,15,10,5,5
personamem::email_persona0_q8,personamem,email,associative,discriminate,True,1,2,within_domain,short_term,neutral,work,Which of the following writing samples best aligns with the writer's persona above?,"Subject: MIDI Fusion Project – Collaboration Request

Hi [Recipient's Name],

Hope you're having a great day! I'm reaching out to share some exciting updates about my current project. I've managed to integrate traditional Pacific Islander melodies into a MIDI file. 🎶 The tempo has been set at 120 BPM to match the electronic beats I’ve been experimenting with.

Here's a simple Python script to play the MIDI: 
```python
import pygame
pygame.mixer.init()
pygame.mixer.music.load('traditional_fusion.mid')
pygame.mixer.music.play()
```

Key Features:
- Authentic Pacific sounds
- Adjustable tempo
- Smooth MIDI integration

I’d love your input on this fusion. Please find the attached MIDI file for testing. Could you review it and provide feedback? Your technical expertise would be invaluable in refining the sound.

Looking forward to your insights!

Best,
Kanoa Manu  
Software Engineer","Subject: MIDI Fusion Project – Collaboration Request

Hi [Recipient's Name],

Hope you're having a great day! I'm reaching out to share some exciting updates about my current project. I've managed to ",email_persona0_q8,True,87,PASS,Good,,type=discriminating_new_writing_samples_aligned_with_users_preferences; D1=33/35 (inference); horizon=short_term.,,33,10,9,15,10,5,5
personamem::email_persona0_q4,personamem,email,associative,discriminate,True,1,2,within_domain,short_term,neutral,work,Which of the following writing samples best aligns with the writer's persona above?,"Subject: Feedback on MIDI File Experiment 🎹

Hi Team,

I hope you're having an excellent day! I’m writing to share the latest developments in our project focused on blending traditional Pacific sounds with electronic music. Please find the attached MIDI file for testing. The tempo has been precisely adjusted to 120 BPM, aiming to enhance the fusion effect.

**Key Features:**
- High-quality sound integration
- Adjustable tempo functionality
- Incorporation of indigenous instruments

For this experiment, I used a simple Python script with the `pygame` module to play the MIDI file. This allows for a diverse range of sound manipulation and real-time experimentation. Here’s a code snippet for reference:

```python
import pygame

pygame.init()
pygame.mixer.music.load(""traditional_fusion.midi"")
pygame.mixer.music.play()
```

Looking forward to hearing your thoughts on how this sound aligns with our vision! 🎶 Please let me know if there are any issues accessing the file or if further adjustments are needed.

Best,  
Kanoa Manu  
Software Engineer","Subject: Feedback on MIDI File Experiment 🎹

Hi Team,

I hope you're having an excellent day! I’m writing to share the latest developments in our project focused on blending traditional Pacific sounds",email_persona0_q4,True,87,PASS,Good,,type=discriminating_new_writing_samples_aligned_with_users_preferences; D1=33/35 (inference); horizon=short_term.,,33,10,9,15,10,5,5
personamem::email_persona0_q2,personamem,email,associative,discriminate,True,1,2,within_domain,short_term,neutral,work,Which of the following writing samples best aligns with the writer's persona above?,"Subject: MIDI File Experiment – Collaboration Request

Hi Team,

I hope you're all having a great day! I'm reaching out to share an exciting development in our ongoing project. Please find the attached MIDI file for testing. The tempo was altered to 120 BPM, and I've integrated some traditional Pacific Islander instrumental samples. 🎶

Key Features:
- High-quality sound
- Adjustable tempo
- Incorporation of cultural elements

Introduction:
Our goal is to fuse traditional sounds with modern electronic music. This experiment aims to test the feasibility of this hybrid approach.

Methodology:
Using Python and the Pygame library, I've written a simple script to play the MIDI file. Here's a snippet for your reference:

```python
import pygame
# Initialize Pygame
pygame.init()
# Load and play the MIDI file
pygame.midi.init()
```

Conclusion:
Looking forward to your feedback and any suggestions for improvement. Please let me know if you encounter any issues during your testing.

Best,  
Kanoa Manu  
Software Engineer","Subject: MIDI File Experiment – Collaboration Request

Hi Team,

I hope you're all having a great day! I'm reaching out to share an exciting development in our ongoing project. Please find the attache",email_persona0_q2,True,87,PASS,Good,,type=discriminating_new_writing_samples_aligned_with_users_preferences; D1=33/35 (inference); horizon=short_term.,,33,10,9,15,10,5,5
personamem::familyRelations_persona0_Init_q20,personamem,familyRelations,associative,recommend,True,1,2,within_domain,long_term,like,relationship,"Hey, I'm planning a weekend outing with my family and want to explore something unique and enriching. Any recommendations?","Sure! Considering your love for family-oriented cultural experiences, I'd recommend visiting the 'Pacific Islands Culture & Heritage Festival' happening this Saturday at the Coastal Community Park. It's a vibrant celebration packed with traditional Pacific Islander dance performances, live music, and interactive storytelling that bring ancestral tales to life. You and your family can dive into hands-on workshops where you can learn to craft traditional Pacific art pieces or try your hand at preparing some traditional dishes. Don't miss the evening sunset ceremony by the beach, which promises to be a magical culmination of cultural effervescence and a truly enriching experience that resonates with your rich heritage!","Sure! Considering your love for family-oriented cultural experiences, I'd recommend visiting the 'Pacific Islands Culture & Heritage Festival' happening this Saturday at the Coastal Community Park. It",familyRelations_persona0_Init_q20,True,97,PASS,Ideal,stereotypical,type=recommendation_aligned_with_users_latest_preferences; D1=32/35 (inference); horizon=long_term.,Likes: Attending family cultural events and festivals | Event: Kanoa attended a cultural festival with his family that celebrated their Pacific Islander roots.,32,15,15,15,10,5,5
personamem::familyRelations_persona0_Month_q25,personamem,familyRelations,associative,recall_fact,False,0,1,none,short_term,like,relationship,I'm thinking about starting a project that involves gardening with my family. What are some ways I can make it a meaningful experience?,"Consider creating a garden with traditional herbs and plants that hold cultural significance for your family. You can share stories about their meanings and how they are used in family recipes and rituals, just like when you had that joyful gardening event where each member took a role in planting. It can be a wonderful way to nurture your family's heritage and strengthen your bonds.",Consider creating a garden with traditional herbs and plants that hold cultural significance for your family. You can share stories about their meanings and how they are used in family recipes and rit,familyRelations_persona0_Month_q25,True,62,FAIL,Unsuitable,,type=recalling_facts_mentioned_by_the_user; D1=3/35 (recall); horizon=short_term.,"Likes: Engaging in family gardening projects | Event: Kanoa initiated a family gardening day, where everyone contributed to planting a garden that included traditional herbs and plants significant to their culture.",3,15,9,15,10,5,5
personamem::familyRelations_persona0_Init_q4,personamem,familyRelations,associative,recall_latest_pref,False,0,1,temporal_update,short_term,like,relationship,I recently thought about the family reunion we had when I made our traditional dish.,It's wonderful to hear that cooking traditional family recipes is meaningful to you. It must have been special to share that experience with your loved ones.,It's wonderful to hear that cooking traditional family recipes is meaningful to you. It must have been special to share that experience with your loved ones.,familyRelations_persona0_Init_q4,True,69,FAIL,Unsuitable,,type=recalling_the_latest_user_preferences; D1=10/35 (recall); horizon=short_term.,"Likes: Cooking traditional family recipes | Event: Kanoa cooked his family's traditional dish for a family reunion, enjoying the process of passing down recipes.",10,15,9,15,10,5,5
personamem::familyRelations_persona0_Init_q3,personamem,familyRelations,associative,recall_fact,False,0,1,none,short_term,like,relationship,What are some ways to make preparing family recipes a memorable experience?,"One way to make preparing family recipes a memorable experience is to involve family members in the process. Just like when you cooked your family's traditional dish at a reunion, each person's participation can add a unique touch to the gathering. It might also be meaningful to recall and share stories about the recipes, like how your grandmother used to make them or the special tips she shared with you. These moments can create a warm atmosphere, filled with laughter and storytelling, allowing the recipes to serve as a bridge to your roots and connect current and future generations.","One way to make preparing family recipes a memorable experience is to involve family members in the process. Just like when you cooked your family's traditional dish at a reunion, each person's partic",familyRelations_persona0_Init_q3,True,62,FAIL,Unsuitable,,type=recalling_facts_mentioned_by_the_user; D1=3/35 (recall); horizon=short_term.,"Likes: Cooking traditional family recipes | Event: Kanoa cooked his family's traditional dish for a family reunion, enjoying the process of passing down recipes.",3,15,9,15,10,5,5
personamem::familyRelations_persona0_Year_q20,personamem,familyRelations,associative,recall_latest_pref,False,0,1,temporal_update,long_term,like,hobby,I recently shared a music playlist with my family that has a mix of our traditional and contemporary favorites.,I remember you mentioned creating a family music playlist with both traditional and contemporary tracks. It sounds like a great way to bring everyone together.,I remember you mentioned creating a family music playlist with both traditional and contemporary tracks. It sounds like a great way to bring everyone together.,familyRelations_persona0_Year_q20,True,75,FAIL,Marginal,,type=recalling_the_latest_user_preferences; D1=10/35 (recall); horizon=long_term.,"Likes: Creating a family music playlist | Event: Kanoa compiled a new family music playlist that includes both traditional and contemporary tracks, encouraging family members to contribute their favorites.",10,15,15,15,10,5,5
personamem::financialConsultation_persona0_Year_q13,personamem,financialConsultation,associative,recommend,True,1,2,within_domain,long_term,like,work,I'm looking for something new that aligns with my current interests and would offer unique insights. What do you have for me?,"Based on your interest in Financial Literacy Workshops tailored for musicians, I recommend attending the 'Harmony in Finances: Mastering Your Musical Income Streams' workshop. This upcoming event delves into unconventional revenue channels specifically geared towards musicians, emphasizing strategies for maximizing earnings from digital platforms and live gigs. With expert speakers who are fellow musicians, this workshop promises a personalized approach to financial empowerment and is designed just for someone like you who values innovation and financial autonomy in the music industry.","Based on your interest in Financial Literacy Workshops tailored for musicians, I recommend attending the 'Harmony in Finances: Mastering Your Musical Income Streams' workshop. This upcoming event delv",financialConsultation_persona0_Year_q13,True,97,PASS,Ideal,,type=recommendation_aligned_with_users_latest_preferences; D1=32/35 (inference); horizon=long_term.,"Likes: Joining Financial Literacy Workshops | Event: Facilitated a financial literacy workshop tailored for musicians, emphasizing fiscal responsibility and income generation through music.",32,15,15,15,10,5,5
personamem::financialConsultation_persona0_Month_q24,personamem,financialConsultation,associative,recommend,True,1,2,within_domain,long_term,dislike,finance,I'm looking to invest in something that supports sustainable growth and community development but also provides a balanced level of security. Any suggestions?,"While you're exploring options for sustainable and community-centered investments, you might want to consider community-focused bonds or mutual funds that prioritize projects with social impact. These options provide a more structured investment with defined terms and potentially lower risk compared to peer-to-peer lending. You can engage in meaningful growth by supporting renewable energy projects or local infrastructure improvements. They offer the dual benefit of aligning with your desire for community development while minimizing the direct risk associated with individual loan defaults. Let's balance your passion for community enhancement with your cautious approach to financial risks.","While you're exploring options for sustainable and community-centered investments, you might want to consider community-focused bonds or mutual funds that prioritize projects with social impact. These",financialConsultation_persona0_Month_q24,True,97,PASS,Ideal,,type=recommendation_aligned_with_users_latest_preferences; D1=32/35 (inference); horizon=long_term.,"Dislikes: Engaging in Peer-to-Peer Lending | Event: Considered engaging in peer-to-peer lending for community projects, but still had reservations about the risks involved.",32,15,15,15,10,5,5
personamem::financialConsultation_persona0_Month_q39,personamem,financialConsultation,associative,recall_reason,False,1,1,none,short_term,neutral,finance,"I've been thinking about trying some new hobbies, but I'm a bit hesitant after my recent experience with a cooking class that didn't go well. What would you suggest?",It's great to hear you're considering investing in stocks again. It's understandable to feel wary after your previous experience with market volatility. Has there been a change in the market or new opportunities that make you feel more confident this time? Your cautious approach will likely help you navigate potential risks more effectively.,It's great to hear you're considering investing in stocks again. It's understandable to feel wary after your previous experience with market volatility. Has there been a change in the market or new op,financialConsultation_persona0_Month_q39,True,70,FAIL,Marginal,,type=recalling_the_reasons_behind_previous_updates; D1=16/35 (recall); horizon=short_term.,Event: Decided to stop investing in stocks after a sudden market drop affected his investment.,16,10,9,15,10,5,5
personamem::financialConsultation_persona0_Year_q26,personamem,financialConsultation,associative,suggest_new,True,2,2,cross_domain,long_term,neutral,finance,I'm looking for new activities that combine creativity and social interaction without the focus on finances. Any suggestions?,Have you considered joining a music group or an art class? They can provide a great environment for making connections while developing your artistic skills.,Have you considered joining a music group or an art class? They can provide a great environment for making connections while developing your artistic skills.,financialConsultation_persona0_Year_q26,True,95,PASS,Ideal,,type=identifying_new_things_not_mentioned_by_the_user; D1=35/35 (inference); horizon=long_term.,Event: Decided to avoid finance meetups in favor of community music events that align more with his interests.,35,10,15,15,10,5,5
personamem::financialConsultation_persona0_Week_q24,personamem,financialConsultation,associative,recall_fact,False,0,1,none,long_term,dislike,finance,"I'm looking for advice on how to stay motivated while learning about financial topics, particularly when the material feels repetitive. How can I find more engaging resources that make these subjects relatable and interesting?","Given your previous experience with a debt management class that felt repetitive and lacked engagement, you might benefit from seeking out interactive workshops or online platforms that incorporate real-world examples. These resources can provide fresh perspectives and make the learning process more dynamic and relevant. Additionally, finding a community or group discussions on the topic might add the practical element you felt was missing.","Given your previous experience with a debt management class that felt repetitive and lacked engagement, you might benefit from seeking out interactive workshops or online platforms that incorporate re",financialConsultation_persona0_Week_q24,True,68,FAIL,Unsuitable,,type=recalling_facts_mentioned_by_the_user; D1=3/35 (recall); horizon=long_term.,Dislikes: Practicing Debt Management Strategies | Event: Participated in a class on debt management but felt it was repetitive and not engaging.,3,15,15,15,10,5,5
personamem::foodRecommendation_persona0_Month_q5,personamem,foodRecommendation,associative,recall_latest_pref,False,0,1,temporal_update,long_term,neutral,food,"I was at a restaurant recently and it was a nice, uninterrupted meal.","It sounds like you enjoyed having a meal without needing to think about documenting it. Sometimes, it's nice to just enjoy the moment. Have you tried any new cuisines lately?","It sounds like you enjoyed having a meal without needing to think about documenting it. Sometimes, it's nice to just enjoy the moment. Have you tried any new cuisines lately?",foodRecommendation_persona0_Month_q5,True,70,FAIL,Marginal,,type=recalling_the_latest_user_preferences; D1=10/35 (recall); horizon=long_term.,Event: Decided to take a break from blogging and focused on enjoying the dining experience without distractions.,10,10,15,15,10,5,5
personamem::foodRecommendation_persona0_Year_q15,personamem,foodRecommendation,associative,suggest_new,True,2,2,cross_domain,long_term,neutral,food,Can you suggest some activities that would deepen my understanding of global culinary practices?,"You might consider visiting local cultural festivals where traditional foods are showcased, joining online forums dedicated to culinary discussions, or even connecting with communities that organize food-tasting events featuring international cuisines.","You might consider visiting local cultural festivals where traditional foods are showcased, joining online forums dedicated to culinary discussions, or even connecting with communities that organize f",foodRecommendation_persona0_Year_q15,True,95,PASS,Ideal,,type=identifying_new_things_not_mentioned_by_the_user; D1=35/35 (inference); horizon=long_term.,Event: Enrolled in a cooking class to learn about cultural cooking traditions from various countries.,35,10,15,15,10,5,5
personamem::foodRecommendation_persona0_Init_q11,personamem,foodRecommendation,associative,recommend,True,1,2,within_domain,short_term,like,food,"Hey, I'm looking for something unique and exciting to do this weekend. I've been in the mood to explore something different and immerse myself in new experiences. Any suggestions?","Absolutely! I've got the perfect recommendation for you. How about visiting the 'World Flavors Food Festival' happening this weekend in your city? This festival is a haven for international cuisine lovers, offering a spectacular array of dishes from around the globe. You can dive into the vibrant world of street foods from Asia, relish some spicy Middle Eastern kebabs, or savor fine European desserts. What makes it truly special is the interactive culinary workshops where you can learn firsthand from passionate chefs about their cooking secrets and cultural stories. Each food stall is like a mini cultural museum, promising a journey through taste that leaves a lasting impression. It's not just about eating; it's about exploring the stories and traditions behind each dish. Don't miss out on this culinary adventure—it sounds like exactly the kind of experience you would adore!",Absolutely! I've got the perfect recommendation for you. How about visiting the 'World Flavors Food Festival' happening this weekend in your city? This festival is a haven for international cuisine lo,foodRecommendation_persona0_Init_q11,True,91,PASS,Ideal,,type=recommendation_aligned_with_users_latest_preferences; D1=32/35 (inference); horizon=short_term.,Likes: attending food festivals featuring international cuisines | Event: Visited a food festival that highlighted international cuisines.,32,15,9,15,10,5,5
personamem::foodRecommendation_persona0_Year_q7,personamem,foodRecommendation,associative,recall_fact,False,0,1,none,short_term,neutral,food,Can you give me some tips on creating more flavorful and exciting savory dishes?,"Since you've decided to focus on savory meals, perhaps try experimenting with different spices and herbs to enhance the flavors. You might find using fresh ingredients adds a vibrant taste to your dishes. Also, exploring various cooking techniques, like roasting or braising, could add a new dimension to your savory cooking experience. What specific flavors or cuisines are you interested in exploring?","Since you've decided to focus on savory meals, perhaps try experimenting with different spices and herbs to enhance the flavors. You might find using fresh ingredients adds a vibrant taste to your dis",foodRecommendation_persona0_Year_q7,True,57,FAIL,Unsuitable,,type=recalling_facts_mentioned_by_the_user; D1=3/35 (recall); horizon=short_term.,Event: Decided to forgo baking traditional pastries and focused solely on savory meals this month.,3,10,9,15,10,5,5
personamem::foodRecommendation_persona0_Week_q35,personamem,foodRecommendation,associative,recommend,True,1,2,within_domain,long_term,dislike,food,I'm planning a dinner night for a group of friends and I want it to be really memorable. Can you suggest a unique dining experience that combines great food with an exciting atmosphere?,"For a truly exceptional evening, how about experiencing the culinary delights of Mediterranean cuisine at 'The Olive Grove'? This enchanting restaurant not only serves rich and vibrant dishes infused with flavors from the Mediterranean, but each plate is a beautiful showcase of fresh, authentic ingredients. Imagine sharing a Mezze platter brimming with roasted red peppers, creamy baba ghanoush, and stuffed grape leaves, followed by a hearty Moussaka or a perfectly grilled Branzino. Their warm and inviting atmosphere, complemented by the soft glow of hanging lanterns and genuine hospitality, makes it a perfect choice for an unforgettable night. Bon appétit!","For a truly exceptional evening, how about experiencing the culinary delights of Mediterranean cuisine at 'The Olive Grove'? This enchanting restaurant not only serves rich and vibrant dishes infused ",foodRecommendation_persona0_Week_q35,True,97,PASS,Ideal,,type=recommendation_aligned_with_users_latest_preferences; D1=32/35 (inference); horizon=long_term.,Dislikes: reviewing restaurants that offer Pacific Islander foods | Event: Reviewed a restaurant that featured traditional Pacific Islander foods but was disappointed with the authenticity.,32,15,15,15,10,5,5
personamem::homeDecoration_persona0_Init_q22,personamem,homeDecoration,associative,recall_latest_pref,False,0,1,temporal_update,long_term,like,writing,I worked on choosing some innovative lighting fixtures for the living room recently.,It sounds like your home decor blog must have some great ideas about lighting design to share. What other decorating projects are you planning to document next?,It sounds like your home decor blog must have some great ideas about lighting design to share. What other decorating projects are you planning to document next?,homeDecoration_persona0_Init_q22,True,75,FAIL,Marginal,,type=recalling_the_latest_user_preferences; D1=10/35 (recall); horizon=long_term.,Likes: Writing a home decor blog | Event: Launched a home decor blog to document decorating adventures and share innovative ideas.,10,15,15,15,10,5,5
personamem::homeDecoration_persona0_Year_q14,personamem,homeDecoration,associative,recall_fact,False,0,1,none,long_term,like,work,What are some tips for balancing aesthetics and functionality in home design?,"When balancing aesthetics and functionality in home design, it's important to select elements that complement the overall design while also serving a practical purpose. For instance, you might consider how you revamped your home’s lighting, where you chose fixtures that not only illuminated but also emphasized art pieces and created inviting spaces. Incorporating dimmable LEDs allows for mood adjustments according to the occasion, enhancing both atmosphere and practicality.","When balancing aesthetics and functionality in home design, it's important to select elements that complement the overall design while also serving a practical purpose. For instance, you might conside",homeDecoration_persona0_Year_q14,True,68,FAIL,Unsuitable,,type=recalling_facts_mentioned_by_the_user; D1=3/35 (recall); horizon=long_term.,"Likes: Hosting home decor workshops | Event: Hosted a successful home decor workshop where attendees could learn how to incorporate DIY techniques with traditional designs, drawing on his heritage.",3,15,15,15,10,5,5
personamem::homeDecoration_persona0_Init_q50,personamem,homeDecoration,associative,recommend,True,1,2,within_domain,long_term,dislike,work,I'm looking for a new creative hobby that aligns with a modern aesthetic and doesn't involve too much time spent in search or assembly. What workshops would you recommend for someone like me who's eager to refresh their space with a contemporary touch?,"Given your sleek and modern design preferences and your desire to avoid time-intensive sourcing, I recommend trying a 'Contemporary Art & Design Workshop'. This workshop focuses on creating art pieces that seamlessly integrate into minimalist settings, utilizing modern materials like acrylics, metals, and geometric forms. It emphasizes simplicity, clean lines, and personalization, allowing you to craft items that enhance your space without the stress of hunting for perfect vintage finds. Enjoy a day of creativity that harmonizes with your aesthetic!","Given your sleek and modern design preferences and your desire to avoid time-intensive sourcing, I recommend trying a 'Contemporary Art & Design Workshop'. This workshop focuses on creating art pieces",homeDecoration_persona0_Init_q50,True,97,PASS,Ideal,,type=recommendation_aligned_with_users_latest_preferences; D1=32/35 (inference); horizon=long_term.,Dislikes: Hosting home decor workshops | Event: Hosted a home decor workshop but felt the experience was more stressful than enjoyable.,32,15,15,15,10,5,5
personamem::homeDecoration_persona0_Year_q32,personamem,homeDecoration,associative,recommend,True,1,2,within_domain,long_term,neutral,general,I'm planning to spruce up my living space with some new decor. Any recommendations for pieces that can bring a sense of culture and history into my home?,"Absolutely! Based on your love for unique home decor and the stories they tell, I recommend seeking out handcrafted items from local artisans who incorporate Feng Shui principles into their work. Consider a beautifully woven tapestry that not only adds texture to your room but is also crafted with colors and symbols believed to bring balance and positive energy. Look for pieces that carry the artisans' cultural narratives, adding layers of history and creativity to your home. You might also explore ceramics shaped with traditional techniques—these can serve as exquisite conversation starters, each with a tale of its own. Such decor items will not only enrich your environment but also serve as cherished mementos of diverse cultures, turning your home into a truly inviting and harmonious space.","Absolutely! Based on your love for unique home decor and the stories they tell, I recommend seeking out handcrafted items from local artisans who incorporate Feng Shui principles into their work. Cons",homeDecoration_persona0_Year_q32,True,92,PASS,Ideal,,type=recommendation_aligned_with_users_latest_preferences; D1=32/35 (inference); horizon=long_term.,Event: Dived deeper into understanding Feng Shui and how it could positively influence the atmosphere of his home.,32,10,15,15,10,5,5
personamem::homeDecoration_persona0_Init_q52,personamem,homeDecoration,associative,recall_latest_pref,False,0,1,temporal_update,long_term,dislike,general,I recently came across a home decor challenge similar to the one I participated in a while back.,"I remember you didn't enjoy the vintage decor challenge much because it didn't match your modern style. If you're looking for something that resonates more with your artistic expression, maybe exploring some modern art installations could be interesting.","I remember you didn't enjoy the vintage decor challenge much because it didn't match your modern style. If you're looking for something that resonates more with your artistic expression, maybe explori",homeDecoration_persona0_Init_q52,True,75,FAIL,Marginal,,type=recalling_the_latest_user_preferences; D1=10/35 (recall); horizon=long_term.,Dislikes: Curating vintage decor pieces | Event: Tried curating vintage decor pieces but found the process tedious and detracting from his modern aesthetic.,10,15,15,15,10,5,5
personamem::legalConsultation_persona0_Init_q16,personamem,legalConsultation,associative,recall_latest_pref,False,0,1,temporal_update,long_term,like,food,I worked on that digital infographic on technology use rights a while back.,I recall you mentioning your interest in creating digital content related to legal advice. It sounds like you're leveraging that interest in various projects.,I recall you mentioning your interest in creating digital content related to legal advice. It sounds like you're leveraging that interest in various projects.,legalConsultation_persona0_Init_q16,True,75,FAIL,Marginal,,type=recalling_the_latest_user_preferences; D1=10/35 (recall); horizon=long_term.,Likes: creating digital content related to legal advice | Event: Created a digital infographic highlighting key legal rights related to technology use.,10,15,15,15,10,5,5
personamem::legalConsultation_persona0_Month_q24,personamem,legalConsultation,associative,recommend,True,1,2,within_domain,short_term,dislike,hobby,"Hey, I'm looking for activities where I can connect with others and express my creative side. Do you have any suggestions?","Absolutely! How about joining a collaborative art project or a local creative writing group? These gatherings allow you to express your artistic passions while fostering deep interpersonal connections. Not only do you get to share your creative vision, but you also have the opportunity to bounce ideas off like-minded individuals who share your enthusiasm. These settings are perfect for you to thrive and perhaps even take on a leadership role, bringing your unique flair to the table! They offer vibrant networks and engaging atmospheres that align with your keen interest in creativity and community.",Absolutely! How about joining a collaborative art project or a local creative writing group? These gatherings allow you to express your artistic passions while fostering deep interpersonal connections,legalConsultation_persona0_Month_q24,True,91,PASS,Ideal,,type=recommendation_aligned_with_users_latest_preferences; D1=32/35 (inference); horizon=short_term.,Dislikes: taking part in community outreach programs | Event: Attempted to volunteer at a legal outreach event but left feeling disconnected from the community.,32,15,9,15,10,5,5
personamem::legalConsultation_persona0_Week_q22,personamem,legalConsultation,associative,suggest_new,True,2,2,cross_domain,long_term,like,food,I'm considering signing up for a new learning experience. Do you know about any interactive workshops on contract understanding that emphasize practical engagement?,"You might enjoy an interactive workshop that focuses on practical engagement and hands-on activities. This way, you can actively participate and better retain the information on contract understanding.","You might enjoy an interactive workshop that focuses on practical engagement and hands-on activities. This way, you can actively participate and better retain the information on contract understanding",legalConsultation_persona0_Week_q22,True,100,PASS,Ideal,,type=identifying_new_things_not_mentioned_by_the_user; D1=35/35 (inference); horizon=long_term.,Likes: creating digital content related to legal advice | Event: Created a digital infographic highlighting key legal rights related to technology use.,35,15,15,15,10,5,5
personamem::legalConsultation_persona0_Init_q12,personamem,legalConsultation,associative,recall_fact,False,0,1,none,short_term,like,general,Can you suggest some engaging ways to present information on legal rights in digital content?,"One approach you might consider is creating a digital infographic that breaks down complex legal jargon into more digestible bites. Using vibrant colors and engaging visuals, alongside concise bullet points, can help make the information clearer and more attractive. Additionally, illustrating real-life scenarios where these rights come into play could be beneficial for understanding. Complementing the infographic with references and links to additional resources might add further value for viewers.","One approach you might consider is creating a digital infographic that breaks down complex legal jargon into more digestible bites. Using vibrant colors and engaging visuals, alongside concise bullet ",legalConsultation_persona0_Init_q12,True,62,FAIL,Unsuitable,,type=recalling_facts_mentioned_by_the_user; D1=3/35 (recall); horizon=short_term.,Likes: following legal podcasts | Event: Listened to a podcast episode featuring a discussion on privacy laws.,3,15,9,15,10,5,5
personamem::legalConsultation_persona0_Init_q50,personamem,legalConsultation,associative,recommend,True,1,2,within_domain,long_term,dislike,general,"I'm looking for a new direction in my advocacy efforts, perhaps something that's empowering on a personal level and less tied to traditional structures. What would you recommend exploring next?","Based on your evolving interests, it sounds like getting involved in community-based environmental advocacy could be a perfect fit! These grassroots initiatives not only allow for significant personal impact but also align beautifully with individual passion and creativity. A starting point could be joining a local conservation project or urban garden initiative, where you can directly contribute to tangible outcomes that reflect your personal values. Witnessing the positive change in your environment can be incredibly fulfilling and might even spark new ideas for future advocacy ventures!","Based on your evolving interests, it sounds like getting involved in community-based environmental advocacy could be a perfect fit! These grassroots initiatives not only allow for significant personal",legalConsultation_persona0_Init_q50,True,97,PASS,Ideal,,type=recommendation_aligned_with_users_latest_preferences; D1=32/35 (inference); horizon=long_term.,Dislikes: exploring human rights advocacy | Event: Explored human rights advocacy topics but felt a disconnect with the legal framework involved.,32,15,15,15,10,5,5
personamem::medicalConsultation_persona0_Init_q26,personamem,medicalConsultation,associative,recommend,True,1,2,within_domain,long_term,like,general,I'm planning to explore some new activities this weekend that could help me relax and clear my mind. Any recommendations?,"I've got just the thing for you! How about exploring a peaceful forest walk guided meditation app that simulates an immersive natural environment? It allows you to transport yourself to a serene wooded sanctuary with calming, adjustable nature sounds and a mesmerizing meditation guide whose tone is specifically designed to harmonize with soothing nature audio. This unique setup promises to foster a deep sense of tranquility, helping you achieve the mindfulness and inner calm you've been seeking, without the distractions and disconnect you experienced previously.",I've got just the thing for you! How about exploring a peaceful forest walk guided meditation app that simulates an immersive natural environment? It allows you to transport yourself to a serene woode,medicalConsultation_persona0_Init_q26,True,97,PASS,Ideal,,type=recommendation_aligned_with_users_latest_preferences; D1=32/35 (inference); horizon=long_term.,Likes: taking guided meditation classes | Event: Took a guided meditation class but felt it was not effective for him.,32,15,15,15,10,5,5
personamem::medicalConsultation_persona0_Month_q1,personamem,medicalConsultation,associative,suggest_new,True,2,2,cross_domain,short_term,neutral,general,What's a good way to integrate exercise with my love for music to enhance both my physical health and creativity?,"You could try incorporating physical activities that align with your musical ambitions, like rhythmic dancing or even creating a playlist that inspires movement while working out. This blend can stimulate creativity and keep you motivated in your health journey.","You could try incorporating physical activities that align with your musical ambitions, like rhythmic dancing or even creating a playlist that inspires movement while working out. This blend can stimu",medicalConsultation_persona0_Month_q1,True,89,PASS,Good,,type=identifying_new_things_not_mentioned_by_the_user; D1=35/35 (inference); horizon=short_term.,Event: Started a new health journal to integrate health goals with musical projects and reflect on personal growth.,35,10,9,15,10,5,5
personamem::medicalConsultation_persona0_Month_q9,personamem,medicalConsultation,associative,recall_latest_pref,False,0,1,temporal_update,long_term,like,general,I used a telemedicine app again recently.,I recall you mentioned you enjoy exploring telemedicine platforms. It's great to see technology continuing to support healthcare access.,I recall you mentioned you enjoy exploring telemedicine platforms. It's great to see technology continuing to support healthcare access.,medicalConsultation_persona0_Month_q9,True,75,FAIL,Marginal,,type=recalling_the_latest_user_preferences; D1=10/35 (recall); horizon=long_term.,"Likes: exploring telemedicine platforms | Event: Tested a new telemedicine app that made consultations accessible and engaging, enjoying the convenience it offered.",10,15,15,15,10,5,5
personamem::medicalConsultation_persona0_Month_q5,personamem,medicalConsultation,associative,recall_latest_pref,False,0,1,temporal_update,short_term,like,general,I recently remembered that workshop I went to on holistic healing related to music therapy.,I remember you mentioned having an interest in holistic remedies before. It must be fascinating to connect this with music therapy.,I remember you mentioned having an interest in holistic remedies before. It must be fascinating to connect this with music therapy.,medicalConsultation_persona0_Month_q5,True,69,FAIL,Unsuitable,,type=recalling_the_latest_user_preferences; D1=10/35 (recall); horizon=short_term.,Likes: learning about holistic remedies | Event: Attended a workshop on holistic healing methods and discovered their potential relevance to music therapy.,10,15,9,15,10,5,5
personamem::medicalConsultation_persona0_Init_q22,personamem,medicalConsultation,associative,recall_latest_pref,False,0,1,temporal_update,long_term,like,health,I once spent some time keeping a detailed health journal.,"I remember you mentioned that keeping a health journal became a bit overwhelming for you after a while. If you ever decide to revisit it, maybe a simpler format could help manage it better.","I remember you mentioned that keeping a health journal became a bit overwhelming for you after a while. If you ever decide to revisit it, maybe a simpler format could help manage it better.",medicalConsultation_persona0_Init_q22,True,75,FAIL,Marginal,,type=recalling_the_latest_user_preferences; D1=10/35 (recall); horizon=long_term.,"Likes: keeping a health journal | Event: Kept a detailed health journal for a month, which became tedious over time.",10,15,15,15,10,5,5
personamem::movieRecommendation_persona0_Month_q3,personamem,movieRecommendation,associative,recommend,True,1,2,within_domain,short_term,neutral,general,I'm looking for deeper insights on artistic media. Can you recommend a unique online resource that offers discussions or analyses that go beyond the surface level?,"Absolutely! Given your appreciation for in-depth, authentic explorations of cinema, I recommend 'The Cinephile's Soliloquy' – a hidden gem among film critique blogs. This site stands out for its comprehensive analyses of thematic intricacies, character arcs, and the profound elements that elevate films to art forms. The writers there welcome passionate cinephiles like you with thought-provoking discussions that steer clear of clickbait and commercialization. Prepare to dive deep into rich, invigorating conversations that truly celebrate cinema as an extraordinary medium.","Absolutely! Given your appreciation for in-depth, authentic explorations of cinema, I recommend 'The Cinephile's Soliloquy' – a hidden gem among film critique blogs. This site stands out for its compr",movieRecommendation_persona0_Month_q3,True,86,PASS,Good,,type=recommendation_aligned_with_users_latest_preferences; D1=32/35 (inference); horizon=short_term.,Event: Decided to unsubscribe from several film-related podcasts in search of more genuine and artistic discussions.,32,10,9,15,10,5,5
personamem::movieRecommendation_persona0_Month_q22,personamem,movieRecommendation,associative,suggest_new,True,2,2,cross_domain,short_term,neutral,general,I'm looking for new ways to discuss films and would love to hear your ideas on how to engage with others who appreciate movie analysis.,Have you considered organizing a face-to-face discussion group with fellow film enthusiasts? Live interactions can create a respectful exchange of ideas and build a strong sense of community.,Have you considered organizing a face-to-face discussion group with fellow film enthusiasts? Live interactions can create a respectful exchange of ideas and build a strong sense of community.,movieRecommendation_persona0_Month_q22,True,89,PASS,Good,,type=identifying_new_things_not_mentioned_by_the_user; D1=35/35 (inference); horizon=short_term.,Event: Stepped back from online film forums in favor of more constructive in-person discussions with local film enthusiasts.,35,10,9,15,10,5,5
personamem::movieRecommendation_persona0_Month_q43,personamem,movieRecommendation,associative,generalize,True,2,2,cross_domain,short_term,neutral,general,"How can I make gatherings at my place more meaningful when inviting friends over, especially when I want everyone to feel connected?","Creating a space where personal stories and experiences are shared can deepen connections among your friends. Consider organizing an activity that involves storytelling or sharing personal anecdotes that everyone can relate to. This approach can turn the gathering into a memorable experience, where each person feels heard and valued. Additionally, sharing your own stories to start the conversation might inspire others to open up as well. Is there anything specific you'd like suggestions on to enhance your gatherings?",Creating a space where personal stories and experiences are shared can deepen connections among your friends. Consider organizing an activity that involves storytelling or sharing personal anecdotes t,movieRecommendation_persona0_Month_q43,True,89,PASS,Good,,type=generalizing_past_reasons_in_memory_to_new_scenarios; D1=35/35 (inference); horizon=short_term.,"Event: Became an advocate for recommending movies that resonate personally, hosting a discussion night about them with friends.",35,10,9,15,10,5,5
personamem::movieRecommendation_persona0_Year_q23,personamem,movieRecommendation,associative,recall_latest_pref,False,0,1,temporal_update,long_term,like,general,I recently joined a local group that discusses narrative techniques in film.,I remember you mentioned enjoying discussions on film theory. It's always intriguing to explore how films are crafted and to share those explorations with others. What aspect of these discussions have you found most challenging?,I remember you mentioned enjoying discussions on film theory. It's always intriguing to explore how films are crafted and to share those explorations with others. What aspect of these discussions have,movieRecommendation_persona0_Year_q23,True,75,FAIL,Marginal,,type=recalling_the_latest_user_preferences; D1=10/35 (recall); horizon=long_term.,"Likes: engaging in discussions about film theory. | Event: Joined a local cultural studies group that merges art and theory, leading to deeper discussions on narrative techniques in film.",10,15,15,15,10,5,5
personamem::movieRecommendation_persona0_Week_q27,personamem,movieRecommendation,associative,recall_latest_pref,False,0,1,temporal_update,long_term,like,general,I recently participated in a workshop on the importance of soundtracks in storytelling at a local cinema.,I remember you mentioned enjoying analyzing film soundtracks. Soundtracks can indeed add a unique layer to the storytelling experience and influence how the story is perceived.,I remember you mentioned enjoying analyzing film soundtracks. Soundtracks can indeed add a unique layer to the storytelling experience and influence how the story is perceived.,movieRecommendation_persona0_Week_q27,True,75,FAIL,Marginal,,type=recalling_the_latest_user_preferences; D1=10/35 (recall); horizon=long_term.,Likes: analyzing film soundtracks. | Event: Conducted a workshop on the importance of soundtracks in storytelling at a local cinema.,10,15,15,15,10,5,5
personamem::musicRecommendation_persona0_Week_q19,personamem,musicRecommendation,associative,recall_latest_pref,False,0,1,temporal_update,long_term,like,hobby,I recently tried out some new software with traditional music for a project.,"I remember you like experimenting with sound engineering, especially blending traditional and modern elements. It's interesting to see how technology can contribute to such projects.","I remember you like experimenting with sound engineering, especially blending traditional and modern elements. It's interesting to see how technology can contribute to such projects.",musicRecommendation_persona0_Week_q19,True,75,FAIL,Marginal,stereotypical,type=recalling_the_latest_user_preferences; D1=10/35 (recall); horizon=long_term.,Likes: experimenting with sound engineering | Event: Experimented with new software to enhance traditional sounds in an upcoming track.,10,15,15,15,10,5,5
personamem::musicRecommendation_persona0_Week_q42,personamem,musicRecommendation,associative,generalize,True,2,2,cross_domain,long_term,neutral,hobby,"Hey, do you think I would enjoy joining a book club focused on diverse cultural storytelling?","Based on your past engagement and interests, you seem to thrive in communities that embrace cultural diversity and offer a sense of inclusivity. Joining a book club dedicated to diverse cultural storytelling might provide that welcoming and inspiring environment you're looking for. Have you explored any particular books or authors that have caught your interest recently in that realm?","Based on your past engagement and interests, you seem to thrive in communities that embrace cultural diversity and offer a sense of inclusivity. Joining a book club dedicated to diverse cultural story",musicRecommendation_persona0_Week_q42,True,95,PASS,Ideal,,type=generalizing_past_reasons_in_memory_to_new_scenarios; D1=35/35 (inference); horizon=long_term.,Event: Joined a vibrant online group dedicated to Pacific musical innovations.,35,10,15,15,10,5,5
personamem::musicRecommendation_persona0_Year_q10,personamem,musicRecommendation,associative,recall_fact,False,0,1,none,long_term,like,hobby,Can you share some insights or suggestions for someone planning to attend live music festivals?,"Attending live music festivals can be a truly enriching experience. Remember how you described the sense of community and cultural celebration when you attended the festival with artists bringing diverse talents? You'll likely encounter vibrant atmospheres with a mix of traditional and contemporary styles, offering opportunities for creating memorable connections with others who share your appreciation for music and culture.",Attending live music festivals can be a truly enriching experience. Remember how you described the sense of community and cultural celebration when you attended the festival with artists bringing dive,musicRecommendation_persona0_Year_q10,True,68,FAIL,Unsuitable,,type=recalling_facts_mentioned_by_the_user; D1=3/35 (recall); horizon=long_term.,"Likes: attending live music festivals | Event: Organized a festival highlighting Pacific Islander artists in a modern setting, showcasing their fusion works.",3,15,15,15,10,5,5
personamem::musicRecommendation_persona0_Week_q11,personamem,musicRecommendation,associative,suggest_new,True,2,2,cross_domain,long_term,dislike,hobby,I'm thinking about exploring new ways to express my passion for music in a way that feels more authentic and enjoyable. Do you have any creative suggestions?,"You might consider immersing yourself in activities that allow for personal expression and creative freedom, such as collaborative sessions with other musicians, hosting small intimate gatherings where you perform and share stories about your musical journey, or even exploring different musical cultures to broaden your inspiration. These approaches could help reignite the joy and authenticity you’re seeking in your musical journey.","You might consider immersing yourself in activities that allow for personal expression and creative freedom, such as collaborative sessions with other musicians, hosting small intimate gatherings wher",musicRecommendation_persona0_Week_q11,True,100,PASS,Ideal,,type=identifying_new_things_not_mentioned_by_the_user; D1=35/35 (inference); horizon=long_term.,Dislikes: podcasting about music trends | Event: Started a podcast about music trends but found it too time-consuming.,35,15,15,15,10,5,5
personamem::musicRecommendation_persona0_Init_q4,personamem,musicRecommendation,associative,recall_latest_pref,False,0,1,temporal_update,short_term,like,hobby,I was thinking about making another playlist for our next gathering.,I remember you enjoy curating personalized playlists for gatherings. It's a great way to create a memorable atmosphere for everyone.,I remember you enjoy curating personalized playlists for gatherings. It's a great way to create a memorable atmosphere for everyone.,musicRecommendation_persona0_Init_q4,True,69,FAIL,Unsuitable,,type=recalling_the_latest_user_preferences; D1=10/35 (recall); horizon=short_term.,Likes: curating personalized playlists | Event: Curated personalized playlists for friends' gatherings.,10,15,9,15,10,5,5
personamem::onlineShopping_persona0_Init_q28,personamem,onlineShopping,associative,recall_latest_pref,False,0,1,temporal_update,long_term,like,hobby,I came across a digital course back in 2019 that dealt with various aspects of music production.,"I remember you mentioned investing in a digital course that significantly enhanced your music production skills, covering sound design, mixing, and mastering techniques. It's good to see how experiences like this can shape our skills and interests over time.","I remember you mentioned investing in a digital course that significantly enhanced your music production skills, covering sound design, mixing, and mastering techniques. It's good to see how experienc",onlineShopping_persona0_Init_q28,True,75,FAIL,Marginal,,type=recalling_the_latest_user_preferences; D1=10/35 (recall); horizon=long_term.,Likes: Investing in digital courses for music production | Event: Invested in a digital course that ended up enhancing his music production skills significantly.,10,15,15,15,10,5,5
personamem::onlineShopping_persona0_Month_q2,personamem,onlineShopping,associative,recommend,True,1,2,within_domain,short_term,like,general,Can you suggest something fresh and exciting that would boost my creativity and possibly offer a new angle for my projects?,"Absolutely! Since you're keen on exploring creative insights, you might enjoy checking out Lucy Tunes, an influencer who's rapidly gaining traction for her innovative takes on music production and her tendency to merge eclectic inspiration sources. Her unique blend of practical tutorials and artistic contemplation could be just the spark you need to reinvigorate your passion. Lucy's reflections on the synergy between different artistic disciplines are not only enlightening but also incredibly motivating. Give her a follow and let your creativity soar!","Absolutely! Since you're keen on exploring creative insights, you might enjoy checking out Lucy Tunes, an influencer who's rapidly gaining traction for her innovative takes on music production and her",onlineShopping_persona0_Month_q2,True,91,PASS,Ideal,,type=recommendation_aligned_with_users_latest_preferences; D1=32/35 (inference); horizon=short_term.,"Likes: Engaging with influencer recommendations | Event: Followed a new influencer's music production tips, which led to a successful project.",32,15,9,15,10,5,5
personamem::onlineShopping_persona0_Month_q11,personamem,onlineShopping,associative,recall_fact,False,0,1,none,short_term,like,hobby,How could I enhance the reach and impact of my online content shared on platforms meant for hobbyists and enthusiasts?,"One effective way to enhance the reach and impact of your online music gear reviews is to engage actively with the community by responding to comments and questions. You could also consider cross-posting your reviews on various social media platforms, collaborating with other product reviewers, and incorporating multimedia elements like photos and videos to make your reviews more engaging. Since you're already sharing your personal insights to help others, these strategies could further amplify your influence and support musicians looking for guidance in their gear choices.",One effective way to enhance the reach and impact of your online music gear reviews is to engage actively with the community by responding to comments and questions. You could also consider cross-post,onlineShopping_persona0_Month_q11,True,62,FAIL,Unsuitable,,type=recalling_facts_mentioned_by_the_user; D1=3/35 (recall); horizon=short_term.,"Likes: Participating in online product reviews | Event: Decided to share his experiences with various music gear by writing detailed product reviews online, finding it rewarding.",3,15,9,15,10,5,5
personamem::onlineShopping_persona0_Week_q29,personamem,onlineShopping,associative,recall_latest_pref,False,0,1,temporal_update,long_term,dislike,hobby,I recently participated in a group discussion about blending traditional Pacific music with modern genres.,"I recall you mentioned that joining online groups for music enthusiasts isn't really your preference. Hopefully, the experience has been rewarding in some unexpected ways.","I recall you mentioned that joining online groups for music enthusiasts isn't really your preference. Hopefully, the experience has been rewarding in some unexpected ways.",onlineShopping_persona0_Week_q29,True,75,FAIL,Marginal,,type=recalling_the_latest_user_preferences; D1=10/35 (recall); horizon=long_term.,"Dislikes: Joining online groups for music enthusiasts | Event: Joined an online group that focuses on blending traditional Pacific music with modern genres, finding like-minded individuals.",10,15,15,15,10,5,5
personamem::onlineShopping_persona0_Init_q12,personamem,onlineShopping,associative,recall_fact,False,0,1,none,short_term,like,hobby,What are some ways to incorporate modern technology into music composition to enhance creativity?,"Incorporating modern technology into music composition can be quite inspiring. Remember when you invested in digital music samples back in 2014? That was a great step in exploring new sounds and textures. Those high-quality samples not only improved your compositions but also sparked new creative energy. You could continue exploring new software tools, virtual instruments, or even AI-driven music platforms to keep pushing your creative boundaries.",Incorporating modern technology into music composition can be quite inspiring. Remember when you invested in digital music samples back in 2014? That was a great step in exploring new sounds and textu,onlineShopping_persona0_Init_q12,True,62,FAIL,Unsuitable,,type=recalling_facts_mentioned_by_the_user; D1=3/35 (recall); horizon=short_term.,"Likes: Buying digital music samples | Event: Invested in digital music samples, which enhanced his music compositions significantly.",3,15,9,15,10,5,5
personamem::sportsRecommendation_persona0_Init_q50,personamem,sportsRecommendation,associative,recommend,True,1,2,within_domain,short_term,dislike,hobby,I'm planning a weekend getaway and want to try out a new activity that is both thrilling and serene. What would you suggest for someone looking for an outdoor experience?,"Since you're not a fan of cycling and seem to appreciate activities closer to ground level, how about exploring the beauty of nature through a leisurely hike along a scenic forest trail? Imagine the sun filtering through the canopy, the serene sounds of nature accompanying your walk, and the opportunity to photograph stunning landscapes. It's the perfect mix of adventure without the heights, offering a thrilling yet peaceful way to appreciate the outdoors. You might find it both invigorating and relaxing, a great way to unwind on your weekend getaway.","Since you're not a fan of cycling and seem to appreciate activities closer to ground level, how about exploring the beauty of nature through a leisurely hike along a scenic forest trail? Imagine the s",sportsRecommendation_persona0_Init_q50,True,91,PASS,Ideal,,type=recommendation_aligned_with_users_latest_preferences; D1=32/35 (inference); horizon=short_term.,Dislikes: Cycling | Event: Joined a cycling group ride but didn't enjoy the social aspect as much as he anticipated.,32,15,9,15,10,5,5
personamem::sportsRecommendation_persona0_Month_q32,personamem,sportsRecommendation,associative,recall_fact,False,0,1,none,short_term,dislike,hobby,Do you think attending sporting events can have a positive impact on the community?,"Attending sporting events can indeed have a positive impact on the community, as it often brings people together for a common cause. For example, when you attended the charity soccer match, not only did it foster a sense of excitement and camaraderie among spectators, but it also supported important initiatives like raising funds for community programs that aid underprivileged youth. Such events highlight the power of sports in uniting people for meaningful purposes.","Attending sporting events can indeed have a positive impact on the community, as it often brings people together for a common cause. For example, when you attended the charity soccer match, not only d",sportsRecommendation_persona0_Month_q32,True,62,FAIL,Unsuitable,,type=recalling_facts_mentioned_by_the_user; D1=3/35 (recall); horizon=short_term.,"Dislikes: Soccer | Event: Attended a charity soccer match to support a local cause, which led him to appreciate the sport despite his previous aversion.",3,15,9,15,10,5,5
personamem::sportsRecommendation_persona0_Month_q36,personamem,sportsRecommendation,associative,generalize,True,2,2,cross_domain,short_term,neutral,hobby,I've been thinking about trying something new to find some inner peace and clarity. Do you have any suggestions for activities that can help with mindfulness?,"One activity that many find brings a sense of mindfulness and tranquility is gardening. It allows you to connect with nature and focus on the present moment, much like the serenity someone might find during a quiet fishing trip. If that sounds intriguing, it could be another opportunity to explore mindfulness and peace. Would you like to know more about how to get started with gardening?","One activity that many find brings a sense of mindfulness and tranquility is gardening. It allows you to connect with nature and focus on the present moment, much like the serenity someone might find ",sportsRecommendation_persona0_Month_q36,True,89,PASS,Good,,type=generalizing_past_reasons_in_memory_to_new_scenarios; D1=35/35 (inference); horizon=short_term.,Event: Organized a fishing trip to meditate and connect with nature.,35,10,9,15,10,5,5
personamem::sportsRecommendation_persona0_Year_q0,personamem,sportsRecommendation,associative,recall_fact,False,0,1,none,short_term,neutral,hobby,What are some potential benefits of learning and practicing self-defense techniques?,"Remembering your excitement about joining a self-defense martial arts class, it's great to see you exploring this path. Not only will you gain invaluable practical skills for personal protection, but you'll also benefit from increased mental discipline, improved confidence, and stress relief. Plus, it's a fantastic way to work on your fitness while building a community with like-minded individuals, all of which contribute positively to your personal development.","Remembering your excitement about joining a self-defense martial arts class, it's great to see you exploring this path. Not only will you gain invaluable practical skills for personal protection, but ",sportsRecommendation_persona0_Year_q0,True,57,FAIL,Unsuitable,,type=recalling_facts_mentioned_by_the_user; D1=3/35 (recall); horizon=short_term.,"Event: Enrolled in a self-defense martial arts class, excited about the practical applications.",3,10,9,15,10,5,5
personamem::sportsRecommendation_persona0_Year_q43,personamem,sportsRecommendation,associative,generalize,True,2,2,cross_domain,long_term,neutral,hobby,"I've been practicing meditation lately, but I'm considering exploring other forms of relaxation. Do you have any suggestions?","It sounds like you're looking for something engaging yet relaxing. Have you thought about activities that incorporate movement and mindfulness, like tai chi or dance? They might provide the dynamic experience you're seeking while still offering a sense of relaxation.","It sounds like you're looking for something engaging yet relaxing. Have you thought about activities that incorporate movement and mindfulness, like tai chi or dance? They might provide the dynamic ex",sportsRecommendation_persona0_Year_q43,True,95,PASS,Ideal,,type=generalizing_past_reasons_in_memory_to_new_scenarios; D1=35/35 (inference); horizon=long_term.,Event: Stopped attending yoga classes to pursue more dynamic workouts.,35,10,15,15,10,5,5
personamem::studyConsultation_persona0_Week_q18,personamem,studyConsultation,associative,recall_fact,False,0,1,none,long_term,like,hobby,Can you share some insights on how cultural perspectives influence contemporary music composition?,"Absolutely! Cultural perspectives play a significant role in shaping contemporary music composition. For example, you once mentioned how a music theory workshop highlighted the importance of rhythm in African music and how Eastern scales can evoke emotions different from those in Western music. Such insights can profoundly inspire creative processes, allowing you to incorporate diverse cultural contexts into your music projects, much like it did for you.","Absolutely! Cultural perspectives play a significant role in shaping contemporary music composition. For example, you once mentioned how a music theory workshop highlighted the importance of rhythm in",studyConsultation_persona0_Week_q18,True,68,FAIL,Unsuitable,,type=recalling_facts_mentioned_by_the_user; D1=3/35 (recall); horizon=long_term.,Likes: engaging in music theory discussions | Event: Participated in a music theory workshop that emphasized cultural perspectives in contemporary composition.,3,15,15,15,10,5,5
personamem::studyConsultation_persona0_Init_q56,personamem,studyConsultation,associative,recommend,True,1,2,within_domain,short_term,dislike,hobby,I'm looking for a workshop that could help me enhance my skills while engaging with something I truly enjoy. Any suggestions?,"How about an interactive workshop titled 'Rhythms of Practice: Integrating Music into Your Daily Learning'? This engaging session weaves the art of music into practical learning strategies, helping you not only master new skills but also explore creative connections within your musical interests. Led by renowned musicians who double as learning experts, the workshop promises a personalized experience to tune your study time to the beats and rhythms that most inspire you!","How about an interactive workshop titled 'Rhythms of Practice: Integrating Music into Your Daily Learning'? This engaging session weaves the art of music into practical learning strategies, helping yo",studyConsultation_persona0_Init_q56,True,91,PASS,Ideal,,type=recommendation_aligned_with_users_latest_preferences; D1=32/35 (inference); horizon=short_term.,Dislikes: attending workshops without a musical focus | Event: Attended a workshop that was not specific to music but to study techniques and did not find it helpful.,32,15,9,15,10,5,5
personamem::studyConsultation_persona0_Year_q4,personamem,studyConsultation,associative,suggest_new,True,2,2,cross_domain,long_term,neutral,general,How can I incorporate a new method of fostering community engagement while developing my software projects?,"You might consider actively seeking user feedback throughout the development process, which can not only provide valuable insights into user needs but also build a sense of community as users feel their opinions are valued.","You might consider actively seeking user feedback throughout the development process, which can not only provide valuable insights into user needs but also build a sense of community as users feel the",studyConsultation_persona0_Year_q4,True,95,PASS,Ideal,,type=identifying_new_things_not_mentioned_by_the_user; D1=35/35 (inference); horizon=long_term.,"Event: Shifted focus to developing software that actively integrates user feedback, enhancing usability and relevance.",35,10,15,15,10,5,5
personamem::studyConsultation_persona0_Month_q41,personamem,studyConsultation,associative,recall_reason,False,1,1,none,long_term,neutral,general,How can I ensure that the new health app I'm designing remains relevant and helpful to users over time?,"It seems like you've had another shift in focus. In your last update, you mentioned that integrating user feedback was key to maintaining the quality and relevance of your projects. Are there new factors or experiences that prompted this recent change in attitude? Understanding your evolving perspective will help in tailoring the discussion to your current priorities and concerns.","It seems like you've had another shift in focus. In your last update, you mentioned that integrating user feedback was key to maintaining the quality and relevance of your projects. Are there new fact",studyConsultation_persona0_Month_q41,True,76,FAIL,Marginal,,type=recalling_the_reasons_behind_previous_updates; D1=16/35 (recall); horizon=long_term.,"Event: Shifted focus to developing software that actively integrates user feedback, enhancing usability and relevance.",16,10,15,15,10,5,5
personamem::studyConsultation_persona0_Year_q2,personamem,studyConsultation,associative,recommend,True,1,2,within_domain,long_term,like,hobby,I'm planning a musical collaboration event and would love some unique artist suggestions that could bring a fresh vibe. Any ideas?,"You might want to check out J3M and the Island Innovators, a rising group of Pacific Islander musicians who are making waves by blending traditional Polynesian sounds with contemporary pop and R&B. Their music not only preserves cultural heritage but also offers a modern twist that captivates audiences across various genres. This collaboration could provide the impactful mix of innovation and tradition you're looking for at your event!","You might want to check out J3M and the Island Innovators, a rising group of Pacific Islander musicians who are making waves by blending traditional Polynesian sounds with contemporary pop and R&B. Th",studyConsultation_persona0_Year_q2,True,97,PASS,Ideal,,type=recommendation_aligned_with_users_latest_preferences; D1=32/35 (inference); horizon=long_term.,Likes: mentoring aspiring musicians | Event: Started an informal mentorship program for young Pacific Islander musicians to help them fuse traditional sounds with modern techniques.,32,15,15,15,10,5,5
personamem::travelPlanning_persona0_Month_q93,personamem,travelPlanning,associative,suggest_new,True,2,2,cross_domain,short_term,dislike,hobby,I'm thinking about incorporating new cultural elements into my music. What other traditional cooking classes might give me unique insights?,"You might consider exploring traditional cooking classes from other regions that incorporate unique herbs and spices, much like your exploration of Pacific Islander dishes. This could continue to provide a rich cultural experience and inspire new sounds and themes for your music.","You might consider exploring traditional cooking classes from other regions that incorporate unique herbs and spices, much like your exploration of Pacific Islander dishes. This could continue to prov",travelPlanning_persona0_Month_q93,True,94,PASS,Ideal,,type=identifying_new_things_not_mentioned_by_the_user; D1=35/35 (inference); horizon=short_term.,Dislikes: participating in cooking classes overseas | Event: Kanoa enrolled in a cooking class that focuses on traditional Pacific Islander dishes to blend with his music project.,35,15,9,15,10,5,5
personamem::travelPlanning_persona0_Month_q74,personamem,travelPlanning,associative,recall_fact,False,0,1,none,short_term,dislike,hobby,Can you suggest any music genres or artists that blend culinary experiences with their sound?,"Since you're interested in blending culinary experiences with your music, like how you're exploring Pacific Islander dishes to inspire your project, you might enjoy artists who draw inspiration from their cultural roots. Consider looking into musicians who incorporate traditional rhythms and instruments alongside modern elements to create a unique sound.","Since you're interested in blending culinary experiences with your music, like how you're exploring Pacific Islander dishes to inspire your project, you might enjoy artists who draw inspiration from t",travelPlanning_persona0_Month_q74,True,62,FAIL,Unsuitable,,type=recalling_facts_mentioned_by_the_user; D1=3/35 (recall); horizon=short_term.,Dislikes: participating in cooking classes overseas | Event: Kanoa enrolled in a cooking class that focuses on traditional Pacific Islander dishes to blend with his music project.,3,15,9,15,10,5,5
personamem::travelPlanning_persona0_Week_q6,personamem,travelPlanning,associative,recommend,True,1,2,within_domain,long_term,dislike,writing,"I'm planning a project for my free time, maybe something creative and expressive. Do you have any unique ideas that might inspire me?","Since you've found that music is your true passion and allows you to convey emotions in a way that resonates deeply, how about composing a series of musical pieces inspired by different cultures you might explore or have experienced? You could create a 'World Music Diary' where each song encapsulates the essence of a place through its melody, rhythms, and cultural influences. This way, you can express the vibrant stories behind different traditions, cuisines, and landscapes without the need for written words. It'll be a symphony of global emotions brought alive through your unique musical lens!","Since you've found that music is your true passion and allows you to convey emotions in a way that resonates deeply, how about composing a series of musical pieces inspired by different cultures you m",travelPlanning_persona0_Week_q6,True,97,PASS,Ideal,,type=recommendation_aligned_with_users_latest_preferences; D1=32/35 (inference); horizon=long_term.,Dislikes: writing travel guides | Event: Kanoa attempted to write a travel guide but realized he preferred sharing through music instead.,32,15,15,15,10,5,5
personamem::travelPlanning_persona0_Week_q25,personamem,travelPlanning,associative,recommend,True,1,2,within_domain,short_term,dislike,hobby,I'm looking to make the most of my weekend getaway. Any suggestions for unique experiences that could enrich my stay?,"Given your passion for music, how about immersing yourself in a music-inspired retreat where you can explore your love for melodies and rhythms in a serene setting? Picture a weekend in a picturesque setting, surrounded by nature, where you can participate in workshops that blend music theory with practical sessions, like composing or playing instruments alongside professional musicians. It’s a crescendo of creativity and relaxation, harmonizing your stay with the notes that truly resonate with you.","Given your passion for music, how about immersing yourself in a music-inspired retreat where you can explore your love for melodies and rhythms in a serene setting? Picture a weekend in a picturesque ",travelPlanning_persona0_Week_q25,True,91,PASS,Ideal,,type=recommendation_aligned_with_users_latest_preferences; D1=32/35 (inference); horizon=short_term.,Dislikes: participating in cooking classes overseas | Event: Kanoa took a cooking class overseas but felt it didn’t resonate with his musical interests and was not worth the time.,32,15,9,15,10,5,5
personamem::travelPlanning_persona0_Week_q8,personamem,travelPlanning,associative,suggest_new,True,2,2,cross_domain,short_term,dislike,general,What are some comfortable transportation options for long journeys that allow more control over the environment?,"Flying might be a great option for you, as it often offers more comfort and control over personal space. Alternatively, driving allows you full control of your environment and can provide a more relaxed travel experience.","Flying might be a great option for you, as it often offers more comfort and control over personal space. Alternatively, driving allows you full control of your environment and can provide a more relax",travelPlanning_persona0_Week_q8,True,94,PASS,Ideal,,type=identifying_new_things_not_mentioned_by_the_user; D1=35/35 (inference); horizon=short_term.,Dislikes: traveling by train | Event: Kanoa traveled by train but found it less comfortable than other modes of transportation he preferred.,35,15,9,15,10,5,5
perltqa::Zhang Xiaohong::events::477117,perltqa,events,long_horizon,event_recall,False,0,1,none,long_term,neutral,relationship,What kind of advice does Zhang Xiaoming hope to seek from his sister?,Advice on growth and development in the area of marriage and family.,Advice on growth and development in the area of marriage and family.,"[{""growing up"": [44, 45]}, {""Marriage and family field"": [47, 52]}]",True,60,FAIL,Unsuitable,recall_only,PerLTQA native events QA = recall (D1=10/35); fails inference gate by design; value is as raw material.,['4_0_0'],10,8,9,14,10,5,4
perltqa::Zhang Xiaohong::events::61006,perltqa,events,long_horizon,event_recall,False,0,1,none,long_term,neutral,hobby,Which pilot project did Zhang Xiaoming participate in in 2021?,Parent-child education center pilot project,Parent-child education center pilot project,"[{""Parent-child education center pilot project"": [26, 35]}]",True,60,FAIL,Unsuitable,recall_only,PerLTQA native events QA = recall (D1=10/35); fails inference gate by design; value is as raw material.,['4_0_1'],10,8,9,14,10,5,4
perltqa::Zhang Xiaohong::events::310961,perltqa,events,long_horizon,event_recall,False,0,1,none,long_term,neutral,general,Which country&#39;s skydiving base did Zhang Xiaohong and Li Yang choose?,China,China,"[{""China"": [100, 101]}]",True,60,FAIL,Unsuitable,recall_only,PerLTQA native events QA = recall (D1=10/35); fails inference gate by design; value is as raw material.,['4_2_0'],10,8,9,14,10,5,4
perltqa::Zhang Xiaohong::events::346046,perltqa,events,long_horizon,event_recall,False,0,1,none,long_term,neutral,general,"During a farm trip in the countryside, who received the warm reception of Zhang Xiaohong and Li Yang?",Warm hospitality from the farm owner,Warm hospitality from the farm owner,"[{""farm owner"": [162, 165]}]",True,60,FAIL,Unsuitable,recall_only,PerLTQA native events QA = recall (D1=10/35); fails inference gate by design; value is as raw material.,['4_2_1'],10,8,9,14,10,5,4
perltqa::Zhang Xiaohong::events::756816,perltqa,events,long_horizon,event_recall,False,0,1,none,long_term,neutral,general,What kind of interest does Zhang Xiaohong show in Stanley Milgram&#39;s &quot;Obedience Experiment&quot;?,Zhang Xiaohong was very interested in the experiment and asked Li Yang for more details.,Zhang Xiaohong was very interested in the experiment and asked Li Yang for more details.,"[{""interested"": [78, 80]}, {""Li Yang"": [12, 13]}, {""detail"": [91, 92]}]",True,60,FAIL,Unsuitable,recall_only,PerLTQA native events QA = recall (D1=10/35); fails inference gate by design; value is as raw material.,['4_2_2'],10,8,9,14,10,5,4
perltqa::Zhang Xiaohong::events::193938,perltqa,events,long_horizon,event_recall,False,0,1,none,long_term,neutral,general,Which anime does Zhang Xiaohong show a strong interest in?,&quot;Naruto&quot;,&quot;Naruto&quot;,"[{""&quot;Naruto&quot;"": [50, 55]}]",True,60,FAIL,Unsuitable,recall_only,PerLTQA native events QA = recall (D1=10/35); fails inference gate by design; value is as raw material.,['4_3_0'],10,8,9,14,10,5,4
perltqa::Zhang Xiaohong::events::761406,perltqa,events,long_horizon,event_recall,False,0,1,none,long_term,neutral,general,What is Zhao Xiao&#39;s interest in &quot;Thus Spoke Zarathustra&quot;?,Zhao Xiao has profound thoughts on human transcendence and the shaping of moral concepts.,Zhao Xiao has profound thoughts on human transcendence and the shaping of moral concepts.,"[{""Humanity"": [59, 60]}, {""transcend"": [63, 64]}, {""moral concepts"": [66, 69]}, {""shape"": [71, 72]}, {""think"": [78, 79]}]",True,60,FAIL,Unsuitable,recall_only,PerLTQA native events QA = recall (D1=10/35); fails inference gate by design; value is as raw material.,['4_3_1'],10,8,9,14,10,5,4
perltqa::Zhang Xiaohong::events::414975,perltqa,events,long_horizon,event_recall,False,0,1,none,long_term,neutral,general,Which brand&#39;s offline store did Zhang Xiaohong and Zhao Xiao go to together?,Offline stores of fashion brands,Offline stores of fashion brands,"[{""fashion trend brand"": [18, 23]}]",True,60,FAIL,Unsuitable,recall_only,PerLTQA native events QA = recall (D1=10/35); fails inference gate by design; value is as raw material.,['4_3_2'],10,8,9,14,10,5,4
perltqa::Zhang Xiaohong::events::202528,perltqa,events,long_horizon,event_recall,False,0,1,none,long_term,neutral,hobby,"What activities did Zhang Xiaohong and Liu Ming participate in on June 15, 2022?",Intra-company innovation project competition,Intra-company innovation project competition,"[{""Intra-company innovation project competition"": [32, 42]}]",True,60,FAIL,Unsuitable,recall_only,PerLTQA native events QA = recall (D1=10/35); fails inference gate by design; value is as raw material.,['4_4_0'],10,8,9,14,10,5,4
perltqa::Zhang Xiaohong::events::708382,perltqa,events,long_horizon,event_recall,False,0,1,none,long_term,neutral,general,What advice did Zhang Xiaohong provide during Mr. Li’s pre-surgery consultation?,"Zhang Xiaohong reminded Mr. Li to eat more high-fiber foods, avoid spicy, greasy and irritating foods, and control his weight through a reasonable diet and moderate exercise.","Zhang Xiaohong reminded Mr. Li to eat more high-fiber foods, avoid spicy, greasy and irritating foods, and control his weight through a reasonable diet and moderate exercise.","[{""remind"": [73, 74]}, {""high fiber foods"": [81, 85]}, {""Spicy"": [122, 123]}, {""greasy"": [125, 126]}, {""irritating food"": [128, 132]}, {""a reasonable diet"": [164, 168]}, {""moderate exercise"": [170, 17",True,60,FAIL,Unsuitable,recall_only,PerLTQA native events QA = recall (D1=10/35); fails inference gate by design; value is as raw material.,['4_4_1'],10,8,9,14,10,5,4
