item_id,source,scenario,association_type,f9_strength,evidence_unavailable,lex_jaccard,embed_cosine,num_chunks,best_rank,flat_rag_hit_top1,flat_rag_hit_top3,gate_pass
locomo-conv-26-2,locomo,long_horizon,A1_relational_binding,weak,False,0.04,0.2208,19,8,False,False,True
locomo-conv-26-14,locomo,long_horizon,A2_cue_chain,strong,False,0.0625,0.351,19,2,False,True,False
locomo-conv-26-22,locomo,long_horizon,A1_relational_binding,weak,False,0.1111,0.277,19,4,False,False,True
locomo-conv-26-27,locomo,long_horizon,A1_relational_binding,weak,False,0.0227,0.186,19,11,False,False,True
locomo-conv-26-30,locomo,long_horizon,A1_relational_binding,absent,True,,,0,,,,
locomo-conv-26-42,locomo,long_horizon,A1_relational_binding,weak,False,0.0233,0.1703,19,11,False,False,True
locomo-conv-26-46,locomo,long_horizon,A1_relational_binding,absent,True,,,0,,,,
locomo-conv-26-50,locomo,long_horizon,A1_relational_binding,weak,False,0.0294,0.2041,19,7,False,False,True
locomo-conv-26-59,locomo,long_horizon,A2_cue_chain,strong,False,0.0455,0.1946,19,4,False,False,True
locomo-conv-26-64,locomo,long_horizon,A1_relational_binding,weak,False,0.0588,0.0924,19,14,False,False,True
locomo-conv-26-69,locomo,long_horizon,A2_cue_chain,strong,False,0.0968,0.3014,19,2,False,True,False
locomo-conv-26-77,locomo,long_horizon,A1_relational_binding,weak,False,0.0588,0.2204,19,5,False,False,True
locomo-conv-26-81,locomo,long_horizon,A1_relational_binding,weak,False,0.093,0.3231,19,1,True,True,False
locomo-conv-26-82,locomo,long_horizon,A2_cue_chain,weak,False,0.15,0.3548,19,1,True,True,False
locomo-conv-26-83,locomo,long_horizon,A2_cue_chain,weak,False,0.1364,0.2948,19,3,False,True,False
locomo-conv-26-84,locomo,long_horizon,A2_cue_chain,weak,False,0.05,0.0582,19,10,False,False,True
locomo-conv-26-85,locomo,long_horizon,A2_cue_chain,weak,False,0.0667,0.2895,19,17,False,False,True
locomo-conv-26-86,locomo,long_horizon,A2_cue_chain,weak,False,0.1875,0.3896,19,9,False,False,True
locomo-conv-26-87,locomo,long_horizon,A2_cue_chain,weak,False,0.1538,0.211,19,9,False,False,True
locomo-conv-26-88,locomo,long_horizon,A2_cue_chain,weak,False,0.0625,0.2423,19,1,True,True,False
locomo-conv-26-89,locomo,long_horizon,A2_cue_chain,weak,False,0.0588,0.1114,19,16,False,False,True
locomo-conv-26-90,locomo,long_horizon,A2_cue_chain,weak,False,0.0,0.1264,19,1,True,True,False
locomo-conv-26-91,locomo,long_horizon,A2_cue_chain,weak,False,0.08,0.2081,19,9,False,False,True
locomo-conv-26-92,locomo,long_horizon,A2_cue_chain,weak,False,0.125,0.3976,19,7,False,False,True
locomo-conv-26-93,locomo,long_horizon,A2_cue_chain,weak,False,0.125,0.3501,19,7,False,False,True
locomo-conv-26-94,locomo,long_horizon,A2_cue_chain,weak,False,0.1481,0.402,19,1,True,True,False
locomo-conv-26-95,locomo,long_horizon,A2_cue_chain,weak,False,0.0714,0.1873,19,10,False,False,True
locomo-conv-26-96,locomo,long_horizon,A2_cue_chain,weak,False,0.0952,0.3092,19,1,True,True,False
locomo-conv-26-97,locomo,long_horizon,A2_cue_chain,weak,False,0.05,0.1202,19,14,False,False,True
locomo-conv-26-98,locomo,long_horizon,A2_cue_chain,weak,False,0.0769,0.3105,19,3,False,True,False
locomo-conv-26-99,locomo,long_horizon,A2_cue_chain,weak,False,0.0571,0.1966,19,3,False,True,False
locomo-conv-26-100,locomo,long_horizon,A2_cue_chain,weak,False,0.1143,0.2818,19,2,False,True,False
locomo-conv-26-101,locomo,long_horizon,A2_cue_chain,weak,False,0.1333,0.1742,19,3,False,True,False
locomo-conv-26-102,locomo,long_horizon,A2_cue_chain,weak,False,0.1765,0.4191,19,4,False,False,True
locomo-conv-26-103,locomo,long_horizon,A2_cue_chain,weak,False,0.0625,0.2003,19,9,False,False,True
locomo-conv-26-104,locomo,long_horizon,A2_cue_chain,weak,False,0.0741,0.181,19,3,False,True,False
locomo-conv-26-105,locomo,long_horizon,A2_cue_chain,weak,False,0.04,0.2513,19,12,False,False,True
locomo-conv-26-106,locomo,long_horizon,A2_cue_chain,weak,False,0.0,0.2424,19,14,False,False,True
locomo-conv-26-107,locomo,long_horizon,A2_cue_chain,weak,False,0.25,0.4788,19,3,False,True,False
locomo-conv-26-108,locomo,long_horizon,A2_cue_chain,weak,False,0.1818,0.4768,19,1,True,True,False
locomo-conv-26-109,locomo,long_horizon,A2_cue_chain,weak,False,0.1304,0.299,19,2,False,True,False
locomo-conv-26-110,locomo,long_horizon,A2_cue_chain,weak,False,0.1429,0.3671,19,3,False,True,False
locomo-conv-26-111,locomo,long_horizon,A2_cue_chain,weak,False,0.25,0.3931,19,2,False,True,False
locomo-conv-26-112,locomo,long_horizon,A2_cue_chain,weak,False,0.05,0.1204,19,3,False,True,False
locomo-conv-26-113,locomo,long_horizon,A2_cue_chain,weak,False,0.1379,0.3395,19,3,False,True,False
locomo-conv-26-114,locomo,long_horizon,A2_cue_chain,weak,False,0.12,0.3764,19,4,False,False,True
locomo-conv-26-115,locomo,long_horizon,A2_cue_chain,weak,False,0.1667,0.3975,19,6,False,False,True
locomo-conv-26-116,locomo,long_horizon,A2_cue_chain,weak,False,0.0556,0.2251,19,1,True,True,False
locomo-conv-26-117,locomo,long_horizon,A2_cue_chain,weak,False,0.2105,0.4545,19,1,True,True,False
locomo-conv-26-118,locomo,long_horizon,A2_cue_chain,weak,False,0.1724,0.3621,19,1,True,True,False
locomo-conv-26-119,locomo,long_horizon,A2_cue_chain,weak,False,0.0556,0.2755,19,3,False,True,False
locomo-conv-26-120,locomo,long_horizon,A2_cue_chain,weak,False,0.0741,0.2781,19,8,False,False,True
locomo-conv-26-121,locomo,long_horizon,A2_cue_chain,weak,False,0.0556,0.2976,19,4,False,False,True
locomo-conv-26-122,locomo,long_horizon,A2_cue_chain,weak,False,0.0385,0.3861,19,8,False,False,True
locomo-conv-26-123,locomo,long_horizon,A2_cue_chain,weak,False,0.0556,0.1879,19,1,True,True,False
locomo-conv-26-124,locomo,long_horizon,A2_cue_chain,weak,False,0.0455,0.1136,19,7,False,False,True
locomo-conv-26-125,locomo,long_horizon,A2_cue_chain,weak,False,0.1875,0.3124,19,2,False,True,False
locomo-conv-26-126,locomo,long_horizon,A2_cue_chain,weak,False,0.1765,0.3876,19,5,False,False,True
locomo-conv-26-127,locomo,long_horizon,A2_cue_chain,weak,False,0.0476,0.1152,19,9,False,False,True
locomo-conv-26-128,locomo,long_horizon,A2_cue_chain,weak,False,0.0769,0.1939,19,13,False,False,True
locomo-conv-26-129,locomo,long_horizon,A2_cue_chain,weak,False,0.087,0.1744,19,4,False,False,True
locomo-conv-26-130,locomo,long_horizon,A2_cue_chain,weak,False,0.1333,0.208,19,8,False,False,True
locomo-conv-26-131,locomo,long_horizon,A2_cue_chain,weak,False,0.3077,0.3798,19,1,True,True,False
locomo-conv-26-132,locomo,long_horizon,A2_cue_chain,weak,False,0.1333,0.424,19,2,False,True,False
locomo-conv-26-133,locomo,long_horizon,A2_cue_chain,weak,False,0.0714,0.3101,19,2,False,True,False
locomo-conv-26-134,locomo,long_horizon,A2_cue_chain,weak,False,0.0625,0.1759,19,13,False,False,True
locomo-conv-26-135,locomo,long_horizon,A2_cue_chain,weak,False,0.0667,0.1692,19,14,False,False,True
locomo-conv-26-136,locomo,long_horizon,A2_cue_chain,weak,False,0.1667,0.275,19,8,False,False,True
locomo-conv-26-137,locomo,long_horizon,A2_cue_chain,weak,False,0.1053,0.3009,19,2,False,True,False
locomo-conv-26-138,locomo,long_horizon,A2_cue_chain,weak,False,0.1429,0.3251,19,15,False,False,True
locomo-conv-26-139,locomo,long_horizon,A2_cue_chain,weak,False,0.0833,0.4133,19,2,False,True,False
locomo-conv-26-140,locomo,long_horizon,A2_cue_chain,weak,False,0.08,0.1347,19,8,False,False,True
locomo-conv-26-141,locomo,long_horizon,A2_cue_chain,weak,False,0.0526,0.3657,19,12,False,False,True
locomo-conv-26-142,locomo,long_horizon,A2_cue_chain,weak,False,0.1333,0.2791,19,16,False,False,True
locomo-conv-26-143,locomo,long_horizon,A2_cue_chain,weak,False,0.125,0.2778,19,3,False,True,False
locomo-conv-26-144,locomo,long_horizon,A2_cue_chain,weak,False,0.1579,0.4796,19,1,True,True,False
locomo-conv-26-145,locomo,long_horizon,A2_cue_chain,weak,False,0.1818,0.4475,19,1,True,True,False
locomo-conv-26-146,locomo,long_horizon,A2_cue_chain,weak,False,0.0909,0.1449,19,1,True,True,False
locomo-conv-26-147,locomo,long_horizon,A2_cue_chain,weak,False,0.1364,0.406,19,1,True,True,False
locomo-conv-26-148,locomo,long_horizon,A2_cue_chain,weak,False,0.12,0.4467,19,2,False,True,False
locomo-conv-26-149,locomo,long_horizon,A2_cue_chain,weak,False,0.1818,0.2294,19,8,False,False,True
locomo-conv-26-150,locomo,long_horizon,A2_cue_chain,weak,False,0.1,0.0934,19,8,False,False,True
locomo-conv-26-151,locomo,long_horizon,A2_cue_chain,weak,False,0.3571,0.5143,19,2,False,True,False
locomo-conv-30-2,locomo,long_horizon,A2_cue_chain,weak,False,0.08,0.2477,19,4,False,False,True
locomo-conv-30-4,locomo,long_horizon,A2_cue_chain,weak,False,0.1154,0.3432,19,1,True,True,False
locomo-conv-30-39,locomo,long_horizon,A2_cue_chain,weak,False,0.1818,0.3685,19,8,False,False,True
locomo-conv-30-40,locomo,long_horizon,A2_cue_chain,weak,False,0.1333,0.3945,19,6,False,False,True
locomo-conv-30-41,locomo,long_horizon,A2_cue_chain,weak,False,0.0952,0.2293,19,3,False,True,False
locomo-conv-30-42,locomo,long_horizon,A2_cue_chain,weak,False,0.1111,0.2935,19,1,True,True,False
locomo-conv-30-43,locomo,long_horizon,A2_cue_chain,weak,False,0.0,0.201,19,3,False,True,False
locomo-conv-30-44,locomo,long_horizon,A2_cue_chain,weak,False,0.0,0.3144,19,4,False,False,True
locomo-conv-30-45,locomo,long_horizon,A2_cue_chain,weak,False,0.2,0.3796,19,2,False,True,False
locomo-conv-30-46,locomo,long_horizon,A2_cue_chain,weak,False,0.1481,0.2851,19,5,False,False,True
locomo-conv-30-47,locomo,long_horizon,A2_cue_chain,weak,False,0.1071,0.3538,19,17,False,False,True
locomo-conv-30-48,locomo,long_horizon,A2_cue_chain,weak,False,0.0476,0.2324,19,16,False,False,True
locomo-conv-30-49,locomo,long_horizon,A2_cue_chain,weak,False,0.125,0.3499,19,15,False,False,True
locomo-conv-30-50,locomo,long_horizon,A2_cue_chain,weak,False,0.2143,0.3456,19,18,False,False,True
locomo-conv-30-51,locomo,long_horizon,A2_cue_chain,weak,False,0.1,0.3328,19,3,False,True,False
locomo-conv-30-52,locomo,long_horizon,A2_cue_chain,weak,False,0.2632,0.4302,19,1,True,True,False
locomo-conv-30-53,locomo,long_horizon,A2_cue_chain,weak,False,0.1905,0.4126,19,8,False,False,True
locomo-conv-30-54,locomo,long_horizon,A2_cue_chain,weak,False,0.3333,0.6674,19,18,False,False,True
locomo-conv-30-55,locomo,long_horizon,A2_cue_chain,weak,False,0.1579,0.305,19,5,False,False,True
locomo-conv-30-56,locomo,long_horizon,A2_cue_chain,weak,False,0.0952,0.2515,19,14,False,False,True
locomo-conv-30-57,locomo,long_horizon,A2_cue_chain,weak,False,0.0323,0.1813,19,6,False,False,True
locomo-conv-30-58,locomo,long_horizon,A2_cue_chain,weak,False,0.5,0.3406,19,8,False,False,True
locomo-conv-30-59,locomo,long_horizon,A2_cue_chain,weak,False,0.1,0.3013,19,12,False,False,True
locomo-conv-30-60,locomo,long_horizon,A2_cue_chain,weak,False,0.0476,0.1812,19,6,False,False,True
locomo-conv-30-61,locomo,long_horizon,A2_cue_chain,weak,False,0.1304,0.4,19,2,False,True,False
locomo-conv-30-62,locomo,long_horizon,A2_cue_chain,weak,False,0.1304,0.4839,19,2,False,True,False
locomo-conv-30-63,locomo,long_horizon,A2_cue_chain,weak,False,0.1111,0.2494,19,3,False,True,False
locomo-conv-30-64,locomo,long_horizon,A2_cue_chain,weak,False,0.125,0.3998,19,4,False,False,True
locomo-conv-30-65,locomo,long_horizon,A2_cue_chain,weak,False,0.2727,0.3015,19,3,False,True,False
locomo-conv-30-66,locomo,long_horizon,A2_cue_chain,weak,False,0.25,0.4026,19,7,False,False,True
locomo-conv-30-67,locomo,long_horizon,A2_cue_chain,weak,False,0.0588,0.2662,19,11,False,False,True
locomo-conv-30-68,locomo,long_horizon,A2_cue_chain,weak,False,0.1818,0.164,19,8,False,False,True
locomo-conv-30-69,locomo,long_horizon,A2_cue_chain,weak,False,0.15,0.3967,19,4,False,False,True
locomo-conv-30-70,locomo,long_horizon,A2_cue_chain,weak,False,0.3333,0.5164,19,7,False,False,True
locomo-conv-30-71,locomo,long_horizon,A2_cue_chain,weak,False,0.1875,0.2835,19,8,False,False,True
locomo-conv-30-72,locomo,long_horizon,A2_cue_chain,weak,False,0.0625,0.0427,19,4,False,False,True
locomo-conv-30-73,locomo,long_horizon,A2_cue_chain,weak,False,0.1154,0.2183,19,6,False,False,True
locomo-conv-30-74,locomo,long_horizon,A2_cue_chain,weak,False,0.0435,0.2789,19,7,False,False,True
locomo-conv-30-75,locomo,long_horizon,A2_cue_chain,weak,False,0.1333,0.1253,19,4,False,False,True
locomo-conv-30-76,locomo,long_horizon,A2_cue_chain,weak,False,0.1538,0.1293,19,5,False,False,True
locomo-conv-30-77,locomo,long_horizon,A2_cue_chain,weak,False,0.2105,0.2566,19,10,False,False,True
locomo-conv-30-78,locomo,long_horizon,A2_cue_chain,weak,False,0.2727,0.4652,19,8,False,False,True
locomo-conv-30-80,locomo,long_horizon,A2_cue_chain,weak,False,0.087,0.2318,19,1,True,True,False
locomo-conv-30-81,locomo,long_horizon,A2_cue_chain,weak,False,0.0571,0.1858,19,1,True,True,False
locomo-conv-41-8,locomo,long_horizon,A1_relational_binding,weak,False,0.0769,0.2301,32,22,False,False,True
locomo-conv-41-14,locomo,long_horizon,A1_relational_binding,weak,False,0.0303,0.1539,32,17,False,False,True
locomo-conv-41-17,locomo,long_horizon,A1_relational_binding,weak,False,0.1333,0.1398,32,28,False,False,True
locomo-conv-41-39,locomo,long_horizon,A1_relational_binding,weak,False,0.0625,0.2358,32,5,False,False,True
locomo-conv-41-41,locomo,long_horizon,A1_relational_binding,weak,False,0.0385,0.2597,32,22,False,False,True
locomo-conv-41-45,locomo,long_horizon,A2_cue_chain,strong,False,0.0303,0.2091,32,27,False,False,True
locomo-conv-41-50,locomo,long_horizon,A2_cue_chain,strong,False,0.0137,0.1267,32,8,False,False,True
locomo-conv-41-64,locomo,long_horizon,A2_cue_chain,strong,False,0.0125,0.2269,32,2,False,True,False
locomo-conv-41-65,locomo,long_horizon,A2_cue_chain,weak,False,0.1667,0.2518,32,9,False,False,True
locomo-conv-41-66,locomo,long_horizon,A2_cue_chain,weak,False,0.1034,0.3484,32,1,True,True,False
locomo-conv-41-67,locomo,long_horizon,A2_cue_chain,weak,False,0.0556,0.2403,32,11,False,False,True
locomo-conv-41-68,locomo,long_horizon,A2_cue_chain,weak,False,0.1364,0.1798,32,15,False,False,True
locomo-conv-41-69,locomo,long_horizon,A2_cue_chain,weak,False,0.1364,0.3301,32,18,False,False,True
locomo-conv-41-70,locomo,long_horizon,A2_cue_chain,weak,False,0.1818,0.2977,32,1,True,True,False
locomo-conv-41-71,locomo,long_horizon,A2_cue_chain,weak,False,0.1034,0.2543,32,27,False,False,True
locomo-conv-41-72,locomo,long_horizon,A2_cue_chain,weak,False,0.0244,0.231,32,8,False,False,True
locomo-conv-41-73,locomo,long_horizon,A2_cue_chain,weak,False,0.1429,0.4359,32,28,False,False,True
locomo-conv-41-74,locomo,long_horizon,A2_cue_chain,weak,False,0.1,0.2242,32,16,False,False,True
locomo-conv-41-75,locomo,long_horizon,A2_cue_chain,weak,False,0.0909,0.2352,32,5,False,False,True
locomo-conv-41-76,locomo,long_horizon,A2_cue_chain,weak,False,0.0952,0.1698,32,28,False,False,True
locomo-conv-41-77,locomo,long_horizon,A2_cue_chain,weak,False,0.1429,0.3196,32,16,False,False,True
locomo-conv-41-78,locomo,long_horizon,A2_cue_chain,weak,False,0.3846,0.4557,32,16,False,False,True
locomo-conv-41-79,locomo,long_horizon,A2_cue_chain,weak,False,0.0952,0.2646,32,6,False,False,True
locomo-conv-41-80,locomo,long_horizon,A2_cue_chain,weak,False,0.1667,0.39,32,7,False,False,True
locomo-conv-41-81,locomo,long_horizon,A2_cue_chain,weak,False,0.12,0.2637,32,12,False,False,True
locomo-conv-41-82,locomo,long_horizon,A2_cue_chain,weak,False,0.0526,0.3609,32,27,False,False,True
locomo-conv-41-83,locomo,long_horizon,A2_cue_chain,weak,False,0.1429,0.3642,32,6,False,False,True
locomo-conv-41-84,locomo,long_horizon,A2_cue_chain,weak,False,0.1034,0.2987,32,9,False,False,True
locomo-conv-41-85,locomo,long_horizon,A2_cue_chain,weak,False,0.1515,0.3343,32,19,False,False,True
locomo-conv-41-86,locomo,long_horizon,A2_cue_chain,weak,False,0.1034,0.3963,32,13,False,False,True
locomo-conv-41-87,locomo,long_horizon,A2_cue_chain,weak,False,0.0526,0.0957,32,5,False,False,True
locomo-conv-41-88,locomo,long_horizon,A2_cue_chain,weak,False,0.0645,0.3628,32,14,False,False,True
locomo-conv-41-89,locomo,long_horizon,A2_cue_chain,weak,False,0.0968,0.344,32,1,True,True,False
locomo-conv-41-90,locomo,long_horizon,A2_cue_chain,weak,False,0.027,0.3103,32,2,False,True,False
locomo-conv-41-92,locomo,long_horizon,A2_cue_chain,weak,False,0.0833,0.2284,32,4,False,False,True
locomo-conv-41-93,locomo,long_horizon,A2_cue_chain,weak,False,0.0357,0.1319,32,15,False,False,True
locomo-conv-41-94,locomo,long_horizon,A2_cue_chain,weak,False,0.0303,0.3699,32,1,True,True,False
locomo-conv-41-95,locomo,long_horizon,A2_cue_chain,weak,False,0.2,0.3131,32,3,False,True,False
locomo-conv-41-96,locomo,long_horizon,A2_cue_chain,weak,False,0.3571,0.5797,32,5,False,False,True
locomo-conv-41-97,locomo,long_horizon,A2_cue_chain,weak,False,0.2,0.3518,32,27,False,False,True
locomo-conv-41-98,locomo,long_horizon,A2_cue_chain,weak,False,0.069,0.1974,32,16,False,False,True
locomo-conv-41-99,locomo,long_horizon,A2_cue_chain,weak,False,0.1538,0.386,32,20,False,False,True
locomo-conv-41-100,locomo,long_horizon,A2_cue_chain,weak,False,0.1429,0.2527,32,18,False,False,True
locomo-conv-41-101,locomo,long_horizon,A2_cue_chain,weak,False,0.1429,0.3688,32,1,True,True,False
locomo-conv-41-102,locomo,long_horizon,A2_cue_chain,weak,False,0.2353,0.6584,32,1,True,True,False
locomo-conv-41-103,locomo,long_horizon,A2_cue_chain,weak,False,0.1,0.4836,32,1,True,True,False
locomo-conv-41-104,locomo,long_horizon,A2_cue_chain,weak,False,0.2,0.3747,32,19,False,False,True
locomo-conv-41-105,locomo,long_horizon,A2_cue_chain,weak,False,0.0667,0.192,32,2,False,True,False
locomo-conv-41-106,locomo,long_horizon,A2_cue_chain,weak,False,0.4,0.4564,32,2,False,True,False
locomo-conv-41-107,locomo,long_horizon,A2_cue_chain,weak,False,0.0323,0.1482,32,4,False,False,True
locomo-conv-41-108,locomo,long_horizon,A2_cue_chain,weak,False,0.125,0.4551,32,1,True,True,False
locomo-conv-41-109,locomo,long_horizon,A2_cue_chain,weak,False,0.2,0.3216,32,1,True,True,False
locomo-conv-41-110,locomo,long_horizon,A2_cue_chain,weak,False,0.1111,0.1894,32,7,False,False,True
locomo-conv-41-111,locomo,long_horizon,A2_cue_chain,weak,False,0.3158,0.624,32,2,False,True,False
locomo-conv-41-112,locomo,long_horizon,A2_cue_chain,weak,False,0.0476,0.1752,32,25,False,False,True
locomo-conv-41-113,locomo,long_horizon,A2_cue_chain,weak,False,0.0571,0.3244,32,8,False,False,True
locomo-conv-41-114,locomo,long_horizon,A2_cue_chain,weak,False,0.0588,0.2121,32,15,False,False,True
locomo-conv-41-115,locomo,long_horizon,A2_cue_chain,weak,False,0.1176,0.3256,32,18,False,False,True
locomo-conv-41-116,locomo,long_horizon,A2_cue_chain,weak,False,0.2174,0.4732,32,1,True,True,False
locomo-conv-41-117,locomo,long_horizon,A2_cue_chain,weak,False,0.24,0.4531,32,2,False,True,False
locomo-conv-41-118,locomo,long_horizon,A2_cue_chain,weak,False,0.1053,0.3919,32,9,False,False,True
locomo-conv-41-119,locomo,long_horizon,A2_cue_chain,weak,False,0.1429,0.281,32,18,False,False,True
locomo-conv-41-120,locomo,long_horizon,A2_cue_chain,weak,False,0.1034,0.2461,32,13,False,False,True
locomo-conv-41-121,locomo,long_horizon,A2_cue_chain,weak,False,0.2083,0.4433,32,18,False,False,True
locomo-conv-41-122,locomo,long_horizon,A2_cue_chain,weak,False,0.1,0.2633,32,1,True,True,False
locomo-conv-41-123,locomo,long_horizon,A2_cue_chain,weak,False,0.1053,0.3966,32,5,False,False,True
locomo-conv-41-124,locomo,long_horizon,A2_cue_chain,weak,False,0.0667,0.1371,32,2,False,True,False
locomo-conv-41-125,locomo,long_horizon,A2_cue_chain,weak,False,0.087,0.2475,32,8,False,False,True
locomo-conv-41-126,locomo,long_horizon,A2_cue_chain,weak,False,0.1739,0.3959,32,1,True,True,False
locomo-conv-41-127,locomo,long_horizon,A2_cue_chain,weak,False,0.125,0.3098,32,27,False,False,True
locomo-conv-41-128,locomo,long_horizon,A2_cue_chain,weak,False,0.1034,0.1884,32,24,False,False,True
locomo-conv-41-129,locomo,long_horizon,A2_cue_chain,weak,False,0.2222,0.2847,32,2,False,True,False
locomo-conv-41-130,locomo,long_horizon,A2_cue_chain,weak,False,0.2143,0.2859,32,2,False,True,False
locomo-conv-41-131,locomo,long_horizon,A2_cue_chain,weak,False,0.0385,0.3217,32,15,False,False,True
locomo-conv-41-132,locomo,long_horizon,A2_cue_chain,weak,False,0.1111,0.2576,32,1,True,True,False
locomo-conv-41-133,locomo,long_horizon,A2_cue_chain,weak,False,0.1304,0.208,32,3,False,True,False
locomo-conv-41-134,locomo,long_horizon,A2_cue_chain,weak,False,0.125,0.1188,32,3,False,True,False
locomo-conv-41-135,locomo,long_horizon,A2_cue_chain,weak,False,0.2778,0.5404,32,2,False,True,False
locomo-conv-41-136,locomo,long_horizon,A2_cue_chain,weak,False,0.1176,0.351,32,9,False,False,True
locomo-conv-41-137,locomo,long_horizon,A2_cue_chain,weak,False,0.12,0.2764,32,14,False,False,True
locomo-conv-41-138,locomo,long_horizon,A2_cue_chain,weak,False,0.125,0.3553,32,28,False,False,True
locomo-conv-41-139,locomo,long_horizon,A2_cue_chain,weak,False,0.1538,0.2997,32,17,False,False,True
locomo-conv-41-140,locomo,long_horizon,A2_cue_chain,weak,False,0.2105,0.3039,32,1,True,True,False
locomo-conv-41-141,locomo,long_horizon,A2_cue_chain,weak,False,0.2857,0.4696,32,4,False,False,True
locomo-conv-41-142,locomo,long_horizon,A2_cue_chain,weak,False,0.1739,0.2632,32,8,False,False,True
locomo-conv-41-143,locomo,long_horizon,A2_cue_chain,weak,False,0.3684,0.58,32,26,False,False,True
locomo-conv-41-144,locomo,long_horizon,A2_cue_chain,weak,False,0.1818,0.4556,32,5,False,False,True
locomo-conv-41-145,locomo,long_horizon,A2_cue_chain,weak,False,0.2105,0.258,32,17,False,False,True
locomo-conv-41-146,locomo,long_horizon,A2_cue_chain,weak,False,0.25,0.3183,32,2,False,True,False
locomo-conv-41-147,locomo,long_horizon,A2_cue_chain,weak,False,0.1176,0.3335,32,19,False,False,True
locomo-conv-41-148,locomo,long_horizon,A2_cue_chain,weak,False,0.05,0.2224,32,5,False,False,True
locomo-conv-41-149,locomo,long_horizon,A2_cue_chain,weak,False,0.0476,0.254,32,8,False,False,True
locomo-conv-41-150,locomo,long_horizon,A2_cue_chain,weak,False,0.0417,0.112,32,26,False,False,True
locomo-conv-41-151,locomo,long_horizon,A2_cue_chain,weak,False,0.069,0.2975,32,1,True,True,False
locomo-conv-42-0,locomo,long_horizon,A1_relational_binding,weak,False,0.0714,0.1455,29,6,False,False,True
locomo-conv-42-4,locomo,long_horizon,A1_relational_binding,weak,False,0.0667,0.2821,29,3,False,True,False
locomo-conv-42-12,locomo,long_horizon,A2_cue_chain,strong,False,0.0333,0.1965,29,2,False,True,False
locomo-conv-42-14,locomo,long_horizon,A1_relational_binding,weak,False,0.1538,0.2828,29,4,False,False,True
locomo-conv-42-60,locomo,long_horizon,A1_relational_binding,weak,False,0.0556,0.1046,29,17,False,False,True
locomo-conv-42-66,locomo,long_horizon,A2_cue_chain,strong,False,0.0323,0.2727,29,2,False,True,False
locomo-conv-42-68,locomo,long_horizon,A2_cue_chain,strong,False,0.0217,0.2609,29,6,False,False,True
locomo-conv-42-73,locomo,long_horizon,A1_relational_binding,weak,False,0.0909,0.1653,29,10,False,False,True
locomo-conv-42-84,locomo,long_horizon,A2_cue_chain,strong,False,0.0536,0.3681,29,10,False,False,True
locomo-conv-42-85,locomo,long_horizon,A1_relational_binding,weak,False,0.125,0.1778,29,7,False,False,True
locomo-conv-42-87,locomo,long_horizon,A1_relational_binding,weak,False,0.0455,0.1926,29,4,False,False,True
locomo-conv-42-88,locomo,long_horizon,A2_cue_chain,weak,False,0.08,0.3766,29,1,True,True,False
locomo-conv-42-89,locomo,long_horizon,A2_cue_chain,weak,False,0.2,0.4036,29,1,True,True,False
locomo-conv-42-90,locomo,long_horizon,A2_cue_chain,weak,False,0.125,0.231,29,6,False,False,True
locomo-conv-42-91,locomo,long_horizon,A2_cue_chain,weak,False,0.1818,0.2769,29,12,False,False,True
locomo-conv-42-92,locomo,long_horizon,A2_cue_chain,weak,False,0.0625,0.3849,29,5,False,False,True
locomo-conv-42-93,locomo,long_horizon,A2_cue_chain,weak,False,0.1613,0.3113,29,9,False,False,True
locomo-conv-42-94,locomo,long_horizon,A2_cue_chain,weak,False,0.087,0.4039,29,5,False,False,True
locomo-conv-42-95,locomo,long_horizon,A2_cue_chain,weak,False,0.16,0.3471,29,9,False,False,True
locomo-conv-42-96,locomo,long_horizon,A2_cue_chain,weak,False,0.2308,0.4518,29,1,True,True,False
locomo-conv-42-97,locomo,long_horizon,A2_cue_chain,weak,False,0.1667,0.34,29,1,True,True,False
locomo-conv-42-98,locomo,long_horizon,A2_cue_chain,weak,False,0.1,0.468,29,5,False,False,True
locomo-conv-42-99,locomo,long_horizon,A2_cue_chain,weak,False,0.0357,0.3043,29,3,False,True,False
locomo-conv-42-100,locomo,long_horizon,A2_cue_chain,weak,False,0.1429,0.3105,29,4,False,False,True
locomo-conv-42-101,locomo,long_horizon,A2_cue_chain,weak,False,0.0667,0.1213,29,21,False,False,True
locomo-conv-42-102,locomo,long_horizon,A2_cue_chain,weak,False,0.2143,0.354,29,5,False,False,True
locomo-conv-42-103,locomo,long_horizon,A2_cue_chain,weak,False,0.05,0.2517,29,3,False,True,False
locomo-conv-42-104,locomo,long_horizon,A2_cue_chain,weak,False,0.2,0.345,29,15,False,False,True
locomo-conv-42-105,locomo,long_horizon,A2_cue_chain,weak,False,0.0769,0.1206,29,24,False,False,True
locomo-conv-42-106,locomo,long_horizon,A2_cue_chain,weak,False,0.1429,0.2694,29,12,False,False,True
locomo-conv-42-107,locomo,long_horizon,A2_cue_chain,weak,False,0.1,0.232,29,4,False,False,True
locomo-conv-42-108,locomo,long_horizon,A2_cue_chain,weak,False,0.05,0.3306,29,5,False,False,True
locomo-conv-42-109,locomo,long_horizon,A2_cue_chain,weak,False,0.1667,0.234,29,13,False,False,True
locomo-conv-42-110,locomo,long_horizon,A2_cue_chain,weak,False,0.1429,0.1709,29,1,True,True,False
locomo-conv-42-111,locomo,long_horizon,A2_cue_chain,weak,False,0.12,0.3435,29,1,True,True,False
locomo-conv-42-112,locomo,long_horizon,A2_cue_chain,weak,False,0.1538,0.3139,29,8,False,False,True
locomo-conv-42-113,locomo,long_horizon,A2_cue_chain,weak,False,0.1,0.1651,29,13,False,False,True
locomo-conv-42-114,locomo,long_horizon,A2_cue_chain,weak,False,0.0833,0.0817,29,6,False,False,True
locomo-conv-42-115,locomo,long_horizon,A2_cue_chain,weak,False,0.1905,0.3953,29,14,False,False,True
locomo-conv-42-116,locomo,long_horizon,A2_cue_chain,weak,False,0.1429,0.3313,29,24,False,False,True
locomo-conv-42-117,locomo,long_horizon,A2_cue_chain,weak,False,0.0833,0.1371,29,11,False,False,True
locomo-conv-42-118,locomo,long_horizon,A2_cue_chain,weak,False,0.08,0.1371,29,6,False,False,True
locomo-conv-42-119,locomo,long_horizon,A2_cue_chain,weak,False,0.3571,0.5241,29,1,True,True,False
locomo-conv-42-120,locomo,long_horizon,A2_cue_chain,weak,False,0.0526,0.1811,29,8,False,False,True
locomo-conv-42-121,locomo,long_horizon,A2_cue_chain,weak,False,0.25,0.4883,29,7,False,False,True
locomo-conv-42-122,locomo,long_horizon,A2_cue_chain,weak,False,0.2,0.3647,29,22,False,False,True
locomo-conv-42-123,locomo,long_horizon,A2_cue_chain,weak,False,0.3,0.3387,29,4,False,False,True
locomo-conv-42-124,locomo,long_horizon,A2_cue_chain,weak,False,0.1333,0.1919,29,7,False,False,True
locomo-conv-42-125,locomo,long_horizon,A2_cue_chain,weak,False,0.0769,0.06,29,15,False,False,True
locomo-conv-42-126,locomo,long_horizon,A2_cue_chain,weak,False,0.1111,0.2052,29,2,False,True,False
locomo-conv-42-127,locomo,long_horizon,A2_cue_chain,weak,False,0.2381,0.4673,29,10,False,False,True
locomo-conv-42-128,locomo,long_horizon,A2_cue_chain,weak,False,0.0571,0.3719,29,1,True,True,False
locomo-conv-42-129,locomo,long_horizon,A2_cue_chain,weak,False,0.0455,0.1457,29,1,True,True,False
locomo-conv-42-130,locomo,long_horizon,A2_cue_chain,weak,False,0.3571,0.6042,29,1,True,True,False
locomo-conv-42-131,locomo,long_horizon,A2_cue_chain,weak,False,0.2143,0.4074,29,1,True,True,False
locomo-conv-42-132,locomo,long_horizon,A2_cue_chain,weak,False,0.2222,0.4026,29,11,False,False,True
locomo-conv-42-133,locomo,long_horizon,A2_cue_chain,weak,False,0.2143,0.4099,29,2,False,True,False
locomo-conv-42-134,locomo,long_horizon,A2_cue_chain,weak,False,0.0909,0.1665,29,9,False,False,True
locomo-conv-42-135,locomo,long_horizon,A2_cue_chain,weak,False,0.0769,0.175,29,14,False,False,True
locomo-conv-42-136,locomo,long_horizon,A2_cue_chain,weak,False,0.1333,0.204,29,4,False,False,True
locomo-conv-42-137,locomo,long_horizon,A2_cue_chain,weak,False,0.037,0.121,29,3,False,True,False
locomo-conv-42-138,locomo,long_horizon,A2_cue_chain,weak,False,0.1154,0.3447,29,7,False,False,True
locomo-conv-42-139,locomo,long_horizon,A2_cue_chain,weak,False,0.0526,0.1849,29,20,False,False,True
locomo-conv-42-140,locomo,long_horizon,A2_cue_chain,weak,False,0.1053,0.1422,29,18,False,False,True
locomo-conv-42-141,locomo,long_horizon,A2_cue_chain,weak,False,0.1724,0.35,29,13,False,False,True
locomo-conv-42-142,locomo,long_horizon,A2_cue_chain,weak,False,0.1481,0.318,29,20,False,False,True
locomo-conv-42-143,locomo,long_horizon,A2_cue_chain,weak,False,0.2667,0.4134,29,5,False,False,True
locomo-conv-42-144,locomo,long_horizon,A2_cue_chain,weak,False,0.1379,0.4113,29,2,False,True,False
locomo-conv-42-145,locomo,long_horizon,A2_cue_chain,weak,False,0.1562,0.4264,29,14,False,False,True
locomo-conv-42-146,locomo,long_horizon,A2_cue_chain,weak,False,0.1667,0.4004,29,15,False,False,True
locomo-conv-42-147,locomo,long_horizon,A2_cue_chain,weak,False,0.125,0.1434,29,20,False,False,True
locomo-conv-42-148,locomo,long_horizon,A2_cue_chain,weak,False,0.1429,0.2539,29,3,False,True,False
locomo-conv-42-149,locomo,long_horizon,A2_cue_chain,weak,False,0.1364,0.1952,29,29,False,False,True
locomo-conv-42-150,locomo,long_horizon,A2_cue_chain,weak,False,0.0455,0.1291,29,27,False,False,True
locomo-conv-42-151,locomo,long_horizon,A2_cue_chain,weak,False,0.0769,0.0737,29,15,False,False,True
locomo-conv-42-152,locomo,long_horizon,A2_cue_chain,weak,False,0.1212,0.358,29,1,True,True,False
locomo-conv-42-153,locomo,long_horizon,A2_cue_chain,weak,False,0.1818,0.3814,29,2,False,True,False
locomo-conv-42-154,locomo,long_horizon,A2_cue_chain,weak,False,0.1765,0.2377,29,2,False,True,False
locomo-conv-42-155,locomo,long_horizon,A2_cue_chain,weak,False,0.0357,0.3558,29,1,True,True,False
locomo-conv-42-156,locomo,long_horizon,A2_cue_chain,weak,False,0.3571,0.5957,29,1,True,True,False
locomo-conv-42-157,locomo,long_horizon,A2_cue_chain,weak,False,0.3636,0.5391,29,2,False,True,False
locomo-conv-42-158,locomo,long_horizon,A2_cue_chain,weak,False,0.1304,0.2449,29,5,False,False,True
locomo-conv-42-159,locomo,long_horizon,A2_cue_chain,weak,False,0.3478,0.5602,29,4,False,False,True
locomo-conv-42-160,locomo,long_horizon,A2_cue_chain,weak,False,0.1053,0.2372,29,2,False,True,False
locomo-conv-42-161,locomo,long_horizon,A2_cue_chain,weak,False,0.2941,0.4457,29,18,False,False,True
locomo-conv-42-162,locomo,long_horizon,A2_cue_chain,weak,False,0.1176,0.2617,29,1,True,True,False
locomo-conv-42-163,locomo,long_horizon,A2_cue_chain,weak,False,0.2143,0.3008,29,3,False,True,False
locomo-conv-42-164,locomo,long_horizon,A2_cue_chain,weak,False,0.2333,0.6191,29,1,True,True,False
locomo-conv-42-165,locomo,long_horizon,A2_cue_chain,weak,False,0.125,0.2981,29,4,False,False,True
locomo-conv-42-166,locomo,long_horizon,A2_cue_chain,weak,False,0.3077,0.4605,29,10,False,False,True
locomo-conv-42-167,locomo,long_horizon,A2_cue_chain,weak,False,0.069,0.1982,29,1,True,True,False
locomo-conv-42-168,locomo,long_horizon,A2_cue_chain,weak,False,0.4615,0.4931,29,2,False,True,False
locomo-conv-42-169,locomo,long_horizon,A2_cue_chain,weak,False,0.1176,0.2644,29,2,False,True,False
locomo-conv-42-170,locomo,long_horizon,A2_cue_chain,weak,False,0.2105,0.2679,29,1,True,True,False
locomo-conv-42-171,locomo,long_horizon,A2_cue_chain,weak,False,0.05,0.1044,29,15,False,False,True
locomo-conv-42-172,locomo,long_horizon,A2_cue_chain,weak,False,0.1765,0.3399,29,11,False,False,True
locomo-conv-42-173,locomo,long_horizon,A2_cue_chain,weak,False,0.1,0.2763,29,1,True,True,False
locomo-conv-42-174,locomo,long_horizon,A2_cue_chain,weak,False,0.1176,0.1482,29,19,False,False,True
locomo-conv-42-175,locomo,long_horizon,A2_cue_chain,weak,False,0.2105,0.4272,29,1,True,True,False
locomo-conv-42-176,locomo,long_horizon,A2_cue_chain,weak,False,0.1515,0.4353,29,1,True,True,False
locomo-conv-42-177,locomo,long_horizon,A2_cue_chain,weak,False,0.1333,0.3689,29,7,False,False,True
locomo-conv-42-178,locomo,long_horizon,A2_cue_chain,weak,False,0.0909,0.1968,29,5,False,False,True
locomo-conv-42-179,locomo,long_horizon,A2_cue_chain,weak,False,0.2273,0.3521,29,1,True,True,False
locomo-conv-42-180,locomo,long_horizon,A2_cue_chain,weak,False,0.1818,0.4307,29,5,False,False,True
locomo-conv-42-181,locomo,long_horizon,A2_cue_chain,weak,False,0.2308,0.3067,29,13,False,False,True
locomo-conv-42-182,locomo,long_horizon,A2_cue_chain,weak,False,0.1471,0.2806,29,16,False,False,True
locomo-conv-42-183,locomo,long_horizon,A2_cue_chain,weak,False,0.1364,0.2527,29,15,False,False,True
locomo-conv-42-184,locomo,long_horizon,A2_cue_chain,weak,False,0.0769,0.2016,29,19,False,False,True
locomo-conv-42-185,locomo,long_horizon,A2_cue_chain,weak,False,0.15,0.1406,29,14,False,False,True
locomo-conv-42-186,locomo,long_horizon,A2_cue_chain,weak,False,0.069,0.2456,29,2,False,True,False
locomo-conv-42-187,locomo,long_horizon,A2_cue_chain,weak,False,0.15,0.446,29,1,True,True,False
locomo-conv-42-188,locomo,long_horizon,A2_cue_chain,weak,False,0.1364,0.342,29,1,True,True,False
locomo-conv-42-189,locomo,long_horizon,A2_cue_chain,weak,False,0.1818,0.3062,29,1,True,True,False
locomo-conv-42-190,locomo,long_horizon,A2_cue_chain,weak,False,0.1905,0.3139,29,4,False,False,True
locomo-conv-42-191,locomo,long_horizon,A2_cue_chain,weak,False,0.15,0.2544,29,4,False,False,True
locomo-conv-42-192,locomo,long_horizon,A2_cue_chain,weak,False,0.2857,0.4282,29,3,False,True,False
locomo-conv-42-193,locomo,long_horizon,A2_cue_chain,weak,False,0.2174,0.4839,29,1,True,True,False
locomo-conv-42-194,locomo,long_horizon,A2_cue_chain,weak,False,0.087,0.3781,29,1,True,True,False
locomo-conv-42-195,locomo,long_horizon,A2_cue_chain,weak,False,0.0714,0.2867,29,7,False,False,True
locomo-conv-42-196,locomo,long_horizon,A2_cue_chain,weak,False,0.1429,0.4666,29,1,True,True,False
locomo-conv-42-197,locomo,long_horizon,A2_cue_chain,weak,False,0.087,0.2053,29,4,False,False,True
locomo-conv-42-198,locomo,long_horizon,A2_cue_chain,weak,False,0.0312,0.2145,29,25,False,False,True
locomo-conv-43-3,locomo,long_horizon,A1_relational_binding,weak,False,0.0185,0.2146,29,22,False,False,True
locomo-conv-43-5,locomo,long_horizon,A1_relational_binding,weak,False,0.04,0.2318,29,3,False,True,False
locomo-conv-43-8,locomo,long_horizon,A2_cue_chain,strong,False,0.1613,0.3181,29,3,False,True,False
locomo-conv-43-15,locomo,long_horizon,A1_relational_binding,weak,False,0.04,0.2437,29,20,False,False,True
locomo-conv-43-19,locomo,long_horizon,A2_cue_chain,strong,False,0.0625,0.4606,29,1,True,True,False
locomo-conv-43-27,locomo,long_horizon,A1_relational_binding,weak,False,0.0645,0.2745,29,4,False,False,True
locomo-conv-43-28,locomo,long_horizon,A1_relational_binding,weak,False,0.1111,0.3725,29,7,False,False,True
locomo-conv-43-32,locomo,long_horizon,A1_relational_binding,weak,False,0.1364,0.1825,29,19,False,False,True
locomo-conv-43-34,locomo,long_horizon,A2_cue_chain,strong,False,0.0213,0.1586,29,1,True,True,False
locomo-conv-43-51,locomo,long_horizon,A1_relational_binding,weak,False,0.1304,0.2591,29,2,False,True,False
locomo-conv-43-53,locomo,long_horizon,A2_cue_chain,strong,False,0.0392,0.23,29,19,False,False,True
locomo-conv-43-66,locomo,long_horizon,A1_relational_binding,weak,False,0.3125,0.3498,29,4,False,False,True
locomo-conv-43-67,locomo,long_horizon,A2_cue_chain,strong,False,0.0145,0.2036,29,13,False,False,True
locomo-conv-43-70,locomo,long_horizon,A2_cue_chain,strong,False,0.0943,0.2894,29,1,True,True,False
locomo-conv-43-71,locomo,long_horizon,A2_cue_chain,weak,False,0.1111,0.1969,29,1,True,True,False
locomo-conv-43-72,locomo,long_horizon,A2_cue_chain,weak,False,0.1667,0.3934,29,1,True,True,False
locomo-conv-43-73,locomo,long_horizon,A2_cue_chain,weak,False,0.3846,0.3802,29,1,True,True,False
locomo-conv-43-74,locomo,long_horizon,A2_cue_chain,weak,False,0.1667,0.4351,29,2,False,True,False
locomo-conv-43-75,locomo,long_horizon,A2_cue_chain,weak,False,0.1333,0.2295,29,5,False,False,True
locomo-conv-43-76,locomo,long_horizon,A2_cue_chain,weak,False,0.1818,0.3498,29,5,False,False,True
locomo-conv-43-77,locomo,long_horizon,A2_cue_chain,weak,False,0.1667,0.341,29,3,False,True,False
locomo-conv-43-78,locomo,long_horizon,A2_cue_chain,weak,False,0.1333,0.4204,29,2,False,True,False
locomo-conv-43-79,locomo,long_horizon,A2_cue_chain,weak,False,0.1429,0.3533,29,2,False,True,False
locomo-conv-43-80,locomo,long_horizon,A2_cue_chain,weak,False,0.1333,0.1939,29,6,False,False,True
locomo-conv-43-81,locomo,long_horizon,A2_cue_chain,weak,False,0.1818,0.4066,29,16,False,False,True
locomo-conv-43-82,locomo,long_horizon,A2_cue_chain,weak,False,0.0588,0.1965,29,4,False,False,True
locomo-conv-43-83,locomo,long_horizon,A2_cue_chain,weak,False,0.1176,0.3806,29,1,True,True,False
locomo-conv-43-84,locomo,long_horizon,A2_cue_chain,weak,False,0.0556,0.1582,29,1,True,True,False
locomo-conv-43-85,locomo,long_horizon,A2_cue_chain,weak,False,0.1034,0.2922,29,15,False,False,True
locomo-conv-43-86,locomo,long_horizon,A2_cue_chain,weak,False,0.0938,0.3059,29,15,False,False,True
locomo-conv-43-87,locomo,long_horizon,A2_cue_chain,weak,False,0.3333,0.3745,29,15,False,False,True
locomo-conv-43-88,locomo,long_horizon,A2_cue_chain,weak,False,0.0541,0.1079,29,12,False,False,True
locomo-conv-43-89,locomo,long_horizon,A2_cue_chain,weak,False,0.2,0.3047,29,22,False,False,True
locomo-conv-43-90,locomo,long_horizon,A2_cue_chain,weak,False,0.1429,0.3144,29,6,False,False,True
locomo-conv-43-91,locomo,long_horizon,A2_cue_chain,weak,False,0.1923,0.373,29,14,False,False,True
locomo-conv-43-92,locomo,long_horizon,A2_cue_chain,weak,False,0.2105,0.3522,29,1,True,True,False
locomo-conv-43-93,locomo,long_horizon,A2_cue_chain,weak,False,0.0769,0.2774,29,7,False,False,True
locomo-conv-43-94,locomo,long_horizon,A2_cue_chain,weak,False,0.125,0.3509,29,20,False,False,True
locomo-conv-43-95,locomo,long_horizon,A2_cue_chain,weak,False,0.0882,0.2358,29,7,False,False,True
locomo-conv-43-96,locomo,long_horizon,A2_cue_chain,weak,False,0.1515,0.5419,29,4,False,False,True
locomo-conv-43-97,locomo,long_horizon,A2_cue_chain,weak,False,0.2857,0.5592,29,4,False,False,True
locomo-conv-43-98,locomo,long_horizon,A2_cue_chain,weak,False,0.1667,0.2486,29,2,False,True,False
locomo-conv-43-99,locomo,long_horizon,A2_cue_chain,weak,False,0.2222,0.2246,29,3,False,True,False
locomo-conv-43-100,locomo,long_horizon,A2_cue_chain,weak,False,0.2941,0.3344,29,10,False,False,True
locomo-conv-43-101,locomo,long_horizon,A2_cue_chain,weak,False,0.2,0.4609,29,8,False,False,True
locomo-conv-43-102,locomo,long_horizon,A2_cue_chain,weak,False,0.1,0.1835,29,6,False,False,True
locomo-conv-43-103,locomo,long_horizon,A2_cue_chain,weak,False,0.1,0.228,29,27,False,False,True
locomo-conv-43-104,locomo,long_horizon,A2_cue_chain,weak,False,0.2,0.2942,29,28,False,False,True
locomo-conv-43-105,locomo,long_horizon,A2_cue_chain,weak,False,0.0625,0.1984,29,27,False,False,True
locomo-conv-43-106,locomo,long_horizon,A2_cue_chain,weak,False,0.3846,0.6402,29,1,True,True,False
locomo-conv-43-107,locomo,long_horizon,A2_cue_chain,weak,False,0.1304,0.276,29,7,False,False,True
locomo-conv-43-108,locomo,long_horizon,A2_cue_chain,weak,False,0.0741,0.216,29,1,True,True,False
locomo-conv-43-109,locomo,long_horizon,A2_cue_chain,weak,False,0.125,0.1311,29,12,False,False,True
locomo-conv-43-110,locomo,long_horizon,A2_cue_chain,weak,False,0.1,0.179,29,14,False,False,True
locomo-conv-43-111,locomo,long_horizon,A2_cue_chain,weak,False,0.0667,0.2862,29,3,False,True,False
locomo-conv-43-112,locomo,long_horizon,A2_cue_chain,weak,False,0.2143,0.4811,29,1,True,True,False
locomo-conv-43-113,locomo,long_horizon,A2_cue_chain,weak,False,0.0909,0.099,29,19,False,False,True
locomo-conv-43-114,locomo,long_horizon,A2_cue_chain,weak,False,0.1282,0.3698,29,3,False,True,False
locomo-conv-43-115,locomo,long_horizon,A2_cue_chain,weak,False,0.1429,0.2845,29,7,False,False,True
locomo-conv-43-116,locomo,long_horizon,A2_cue_chain,weak,False,0.2,0.2225,29,1,True,True,False
locomo-conv-43-117,locomo,long_horizon,A2_cue_chain,weak,False,0.2667,0.4536,29,8,False,False,True
locomo-conv-43-118,locomo,long_horizon,A2_cue_chain,weak,False,0.0588,0.121,29,23,False,False,True
locomo-conv-43-119,locomo,long_horizon,A2_cue_chain,weak,False,0.05,0.302,29,24,False,False,True
locomo-conv-43-120,locomo,long_horizon,A2_cue_chain,weak,False,0.0435,0.2813,29,13,False,False,True
locomo-conv-43-121,locomo,long_horizon,A2_cue_chain,weak,False,0.1905,0.334,29,6,False,False,True
locomo-conv-43-122,locomo,long_horizon,A2_cue_chain,weak,False,0.0435,0.2048,29,4,False,False,True
locomo-conv-43-123,locomo,long_horizon,A2_cue_chain,weak,False,0.0909,0.2763,29,12,False,False,True
locomo-conv-43-124,locomo,long_horizon,A2_cue_chain,weak,False,0.0769,0.2496,29,8,False,False,True
locomo-conv-43-125,locomo,long_horizon,A2_cue_chain,weak,False,0.1579,0.2917,29,1,True,True,False
locomo-conv-43-126,locomo,long_horizon,A2_cue_chain,weak,False,0.2381,0.4009,29,11,False,False,True
locomo-conv-43-127,locomo,long_horizon,A2_cue_chain,weak,False,0.1667,0.5135,29,12,False,False,True
locomo-conv-43-128,locomo,long_horizon,A2_cue_chain,weak,False,0.0286,0.2942,29,2,False,True,False
locomo-conv-43-129,locomo,long_horizon,A2_cue_chain,weak,False,0.0833,0.147,29,26,False,False,True
locomo-conv-43-130,locomo,long_horizon,A2_cue_chain,weak,False,0.1622,0.3953,29,14,False,False,True
locomo-conv-43-131,locomo,long_horizon,A2_cue_chain,weak,False,0.2593,0.5586,29,2,False,True,False
locomo-conv-43-132,locomo,long_horizon,A2_cue_chain,weak,False,0.0857,0.2622,29,7,False,False,True
locomo-conv-43-133,locomo,long_horizon,A2_cue_chain,weak,False,0.2727,0.3856,29,16,False,False,True
locomo-conv-43-134,locomo,long_horizon,A2_cue_chain,weak,False,0.3,0.4948,29,1,True,True,False
locomo-conv-43-135,locomo,long_horizon,A2_cue_chain,weak,False,0.2222,0.3127,29,1,True,True,False
locomo-conv-43-136,locomo,long_horizon,A2_cue_chain,weak,False,0.0667,0.1555,29,1,True,True,False
locomo-conv-43-137,locomo,long_horizon,A2_cue_chain,weak,False,0.12,0.2822,29,21,False,False,True
locomo-conv-43-138,locomo,long_horizon,A2_cue_chain,weak,False,0.1471,0.2106,29,10,False,False,True
locomo-conv-43-139,locomo,long_horizon,A2_cue_chain,weak,False,0.2917,0.4269,29,1,True,True,False
locomo-conv-43-140,locomo,long_horizon,A2_cue_chain,weak,False,0.1316,0.3338,29,19,False,False,True
locomo-conv-43-141,locomo,long_horizon,A2_cue_chain,weak,False,0.24,0.4166,29,1,True,True,False
locomo-conv-43-142,locomo,long_horizon,A2_cue_chain,weak,False,0.1905,0.3358,29,3,False,True,False
locomo-conv-43-143,locomo,long_horizon,A2_cue_chain,weak,False,0.2083,0.3369,29,15,False,False,True
locomo-conv-43-144,locomo,long_horizon,A2_cue_chain,weak,False,0.1333,0.2504,29,4,False,False,True
locomo-conv-43-145,locomo,long_horizon,A2_cue_chain,weak,False,0.1818,0.2419,29,14,False,False,True
locomo-conv-43-146,locomo,long_horizon,A2_cue_chain,weak,False,0.2593,0.512,29,7,False,False,True
locomo-conv-43-147,locomo,long_horizon,A2_cue_chain,weak,False,0.1364,0.282,29,6,False,False,True
locomo-conv-43-148,locomo,long_horizon,A2_cue_chain,weak,False,0.1429,0.4096,29,6,False,False,True
locomo-conv-43-149,locomo,long_horizon,A2_cue_chain,weak,False,0.0455,0.1471,29,3,False,True,False
locomo-conv-43-150,locomo,long_horizon,A2_cue_chain,weak,False,0.1905,0.3036,29,9,False,False,True
locomo-conv-43-151,locomo,long_horizon,A2_cue_chain,weak,False,0.0541,0.2746,29,17,False,False,True
locomo-conv-43-152,locomo,long_horizon,A2_cue_chain,weak,False,0.25,0.5036,29,4,False,False,True
locomo-conv-43-153,locomo,long_horizon,A2_cue_chain,weak,False,0.2609,0.6331,29,1,True,True,False
locomo-conv-43-154,locomo,long_horizon,A2_cue_chain,weak,False,0.125,0.4012,29,8,False,False,True
locomo-conv-43-155,locomo,long_horizon,A2_cue_chain,weak,False,0.15,0.4371,29,6,False,False,True
locomo-conv-43-156,locomo,long_horizon,A2_cue_chain,weak,False,0.1,0.1698,29,1,True,True,False
locomo-conv-43-157,locomo,long_horizon,A2_cue_chain,weak,False,0.125,0.3516,29,5,False,False,True
locomo-conv-43-158,locomo,long_horizon,A2_cue_chain,weak,False,0.2353,0.5665,29,1,True,True,False
locomo-conv-43-159,locomo,long_horizon,A2_cue_chain,weak,False,0.1111,0.2367,29,6,False,False,True
locomo-conv-43-160,locomo,long_horizon,A2_cue_chain,weak,False,0.0909,0.1811,29,12,False,False,True
locomo-conv-43-161,locomo,long_horizon,A2_cue_chain,weak,False,0.0278,0.1917,29,12,False,False,True
locomo-conv-43-162,locomo,long_horizon,A2_cue_chain,weak,False,0.2353,0.2594,29,2,False,True,False
locomo-conv-43-163,locomo,long_horizon,A2_cue_chain,weak,False,0.1538,0.3029,29,2,False,True,False
locomo-conv-43-164,locomo,long_horizon,A2_cue_chain,weak,False,0.1579,0.2563,29,4,False,False,True
locomo-conv-43-165,locomo,long_horizon,A2_cue_chain,weak,False,0.1,0.1762,29,5,False,False,True
locomo-conv-43-166,locomo,long_horizon,A2_cue_chain,weak,False,0.2222,0.5834,29,1,True,True,False
locomo-conv-43-167,locomo,long_horizon,A2_cue_chain,weak,False,0.1875,0.4827,29,1,True,True,False
locomo-conv-43-168,locomo,long_horizon,A2_cue_chain,weak,False,0.1176,0.2599,29,7,False,False,True
locomo-conv-43-169,locomo,long_horizon,A2_cue_chain,weak,False,0.2,0.5426,29,11,False,False,True
locomo-conv-43-170,locomo,long_horizon,A2_cue_chain,weak,False,0.2,0.5296,29,5,False,False,True
locomo-conv-43-171,locomo,long_horizon,A2_cue_chain,weak,False,0.1333,0.1851,29,5,False,False,True
locomo-conv-43-172,locomo,long_horizon,A2_cue_chain,weak,False,0.15,0.2663,29,1,True,True,False
locomo-conv-43-173,locomo,long_horizon,A2_cue_chain,weak,False,0.0526,0.1566,29,14,False,False,True
locomo-conv-43-174,locomo,long_horizon,A2_cue_chain,weak,False,0.0625,0.0904,29,11,False,False,True
locomo-conv-43-175,locomo,long_horizon,A2_cue_chain,weak,False,0.0435,0.1851,29,17,False,False,True
locomo-conv-43-176,locomo,long_horizon,A2_cue_chain,weak,False,0.0,0.3181,29,2,False,True,False
locomo-conv-43-177,locomo,long_horizon,A2_cue_chain,weak,False,0.0714,0.1941,29,18,False,False,True
locomo-conv-44-19,locomo,long_horizon,A2_cue_chain,strong,False,0.05,0.1408,28,4,False,False,True
locomo-conv-44-20,locomo,long_horizon,A1_relational_binding,weak,False,0.0385,0.1424,28,19,False,False,True
locomo-conv-44-33,locomo,long_horizon,A2_cue_chain,strong,False,0.0182,0.3311,28,12,False,False,True
locomo-conv-44-43,locomo,long_horizon,A1_relational_binding,weak,False,0.0556,0.1088,28,17,False,False,True
locomo-conv-44-44,locomo,long_horizon,A2_cue_chain,strong,False,0.1111,0.2409,28,13,False,False,True
locomo-conv-44-52,locomo,long_horizon,A2_cue_chain,strong,False,0.0417,0.2848,28,14,False,False,True
locomo-conv-44-53,locomo,long_horizon,A2_cue_chain,strong,False,0.04,0.3583,28,3,False,True,False
locomo-conv-44-61,locomo,long_horizon,A2_cue_chain,weak,False,0.0909,0.151,28,11,False,False,True
locomo-conv-44-62,locomo,long_horizon,A2_cue_chain,weak,False,0.24,0.5004,28,3,False,True,False
locomo-conv-44-63,locomo,long_horizon,A2_cue_chain,weak,False,0.0769,0.2165,28,7,False,False,True
locomo-conv-44-64,locomo,long_horizon,A2_cue_chain,weak,False,0.0769,0.213,28,6,False,False,True
locomo-conv-44-65,locomo,long_horizon,A2_cue_chain,weak,False,0.1111,0.2911,28,9,False,False,True
locomo-conv-44-66,locomo,long_horizon,A2_cue_chain,weak,False,0.129,0.383,28,1,True,True,False
locomo-conv-44-67,locomo,long_horizon,A2_cue_chain,weak,False,0.4444,0.5549,28,2,False,True,False
locomo-conv-44-68,locomo,long_horizon,A2_cue_chain,weak,False,0.1,0.4275,28,4,False,False,True
locomo-conv-44-69,locomo,long_horizon,A2_cue_chain,weak,False,0.0741,0.162,28,1,True,True,False
locomo-conv-44-70,locomo,long_horizon,A2_cue_chain,weak,False,0.1071,0.3788,28,1,True,True,False
locomo-conv-44-71,locomo,long_horizon,A2_cue_chain,weak,False,0.1538,0.3788,28,7,False,False,True
locomo-conv-44-72,locomo,long_horizon,A2_cue_chain,weak,False,0.4,0.5047,28,1,True,True,False
locomo-conv-44-73,locomo,long_horizon,A2_cue_chain,weak,False,0.08,0.2156,28,13,False,False,True
locomo-conv-44-74,locomo,long_horizon,A2_cue_chain,weak,False,0.1739,0.2073,28,7,False,False,True
locomo-conv-44-75,locomo,long_horizon,A2_cue_chain,weak,False,0.1667,0.3959,28,1,True,True,False
locomo-conv-44-76,locomo,long_horizon,A2_cue_chain,weak,False,0.0769,0.2558,28,1,True,True,False
locomo-conv-44-77,locomo,long_horizon,A2_cue_chain,weak,False,0.2,0.3582,28,1,True,True,False
locomo-conv-44-78,locomo,long_horizon,A2_cue_chain,weak,False,0.24,0.49,28,3,False,True,False
locomo-conv-44-79,locomo,long_horizon,A2_cue_chain,weak,False,0.15,0.5051,28,4,False,False,True
locomo-conv-44-80,locomo,long_horizon,A2_cue_chain,weak,False,0.1053,0.305,28,1,True,True,False
locomo-conv-44-81,locomo,long_horizon,A2_cue_chain,weak,False,0.0833,0.2819,28,10,False,False,True
locomo-conv-44-82,locomo,long_horizon,A2_cue_chain,weak,False,0.15,0.3927,28,15,False,False,True
locomo-conv-44-83,locomo,long_horizon,A2_cue_chain,weak,False,0.1034,0.1756,28,8,False,False,True
locomo-conv-44-84,locomo,long_horizon,A2_cue_chain,weak,False,0.069,0.2849,28,8,False,False,True
locomo-conv-44-85,locomo,long_horizon,A2_cue_chain,weak,False,0.1111,0.2158,28,22,False,False,True
locomo-conv-44-86,locomo,long_horizon,A2_cue_chain,weak,False,0.2,0.2967,28,19,False,False,True
locomo-conv-44-87,locomo,long_horizon,A2_cue_chain,weak,False,0.1111,0.3154,28,15,False,False,True
locomo-conv-44-88,locomo,long_horizon,A2_cue_chain,weak,False,0.087,0.3399,28,2,False,True,False
locomo-conv-44-89,locomo,long_horizon,A2_cue_chain,weak,False,0.2143,0.4598,28,3,False,True,False
locomo-conv-44-90,locomo,long_horizon,A2_cue_chain,weak,False,0.1034,0.3138,28,24,False,False,True
locomo-conv-44-91,locomo,long_horizon,A2_cue_chain,weak,False,0.2308,0.3264,28,18,False,False,True
locomo-conv-44-92,locomo,long_horizon,A2_cue_chain,weak,False,0.0769,0.0996,28,4,False,False,True
locomo-conv-44-93,locomo,long_horizon,A2_cue_chain,weak,False,0.0476,0.1801,28,8,False,False,True
locomo-conv-44-94,locomo,long_horizon,A2_cue_chain,weak,False,0.1538,0.2584,28,11,False,False,True
locomo-conv-44-95,locomo,long_horizon,A2_cue_chain,weak,False,0.0714,0.1332,28,11,False,False,True
locomo-conv-44-96,locomo,long_horizon,A2_cue_chain,weak,False,0.0625,0.1536,28,15,False,False,True
locomo-conv-44-97,locomo,long_horizon,A2_cue_chain,weak,False,0.25,0.3068,28,14,False,False,True
locomo-conv-44-98,locomo,long_horizon,A2_cue_chain,weak,False,0.1765,0.2665,28,6,False,False,True
locomo-conv-44-99,locomo,long_horizon,A2_cue_chain,weak,False,0.1579,0.3679,28,5,False,False,True
locomo-conv-44-100,locomo,long_horizon,A2_cue_chain,weak,False,0.1471,0.4311,28,3,False,True,False
locomo-conv-44-101,locomo,long_horizon,A2_cue_chain,weak,False,0.05,0.3011,28,9,False,False,True
locomo-conv-44-102,locomo,long_horizon,A2_cue_chain,weak,False,0.1026,0.365,28,1,True,True,False
locomo-conv-44-103,locomo,long_horizon,A2_cue_chain,weak,False,0.1538,0.4418,28,2,False,True,False
locomo-conv-44-104,locomo,long_horizon,A2_cue_chain,weak,False,0.2667,0.3671,28,16,False,False,True
locomo-conv-44-105,locomo,long_horizon,A2_cue_chain,weak,False,0.1053,0.1966,28,13,False,False,True
locomo-conv-44-106,locomo,long_horizon,A2_cue_chain,weak,False,0.1364,0.33,28,16,False,False,True
locomo-conv-44-107,locomo,long_horizon,A2_cue_chain,weak,False,0.1034,0.1536,28,19,False,False,True
locomo-conv-44-108,locomo,long_horizon,A2_cue_chain,weak,False,0.1,0.2823,28,22,False,False,True
locomo-conv-44-109,locomo,long_horizon,A2_cue_chain,weak,False,0.1034,0.412,28,11,False,False,True
locomo-conv-44-110,locomo,long_horizon,A2_cue_chain,weak,False,0.2353,0.4218,28,1,True,True,False
locomo-conv-44-111,locomo,long_horizon,A2_cue_chain,weak,False,0.05,0.1732,28,2,False,True,False
locomo-conv-44-112,locomo,long_horizon,A2_cue_chain,weak,False,0.2609,0.2966,28,22,False,False,True
locomo-conv-44-113,locomo,long_horizon,A2_cue_chain,weak,False,0.16,0.196,28,3,False,True,False
locomo-conv-44-114,locomo,long_horizon,A2_cue_chain,weak,False,0.25,0.3699,28,9,False,False,True
locomo-conv-44-115,locomo,long_horizon,A2_cue_chain,weak,False,0.1,0.2614,28,2,False,True,False
locomo-conv-44-116,locomo,long_horizon,A2_cue_chain,weak,False,0.3,0.2833,28,5,False,False,True
locomo-conv-44-117,locomo,long_horizon,A2_cue_chain,weak,False,0.1562,0.3774,28,1,True,True,False
locomo-conv-44-118,locomo,long_horizon,A2_cue_chain,weak,False,0.25,0.5187,28,12,False,False,True
locomo-conv-44-119,locomo,long_horizon,A2_cue_chain,weak,False,0.12,0.3874,28,1,True,True,False
locomo-conv-44-120,locomo,long_horizon,A2_cue_chain,weak,False,0.1176,0.4006,28,1,True,True,False
locomo-conv-44-121,locomo,long_horizon,A2_cue_chain,weak,False,0.25,0.4217,28,5,False,False,True
locomo-conv-44-122,locomo,long_horizon,A2_cue_chain,weak,False,0.0882,0.5571,28,1,True,True,False
locomo-conv-47-0,locomo,long_horizon,A1_relational_binding,weak,False,0.04,0.2257,31,3,False,True,False
locomo-conv-47-6,locomo,long_horizon,A1_relational_binding,weak,False,0.0435,0.2536,31,4,False,False,True
locomo-conv-47-7,locomo,long_horizon,A1_relational_binding,weak,False,0.125,0.3125,31,1,True,True,False
locomo-conv-47-12,locomo,long_horizon,A1_relational_binding,weak,False,0.0233,0.2045,31,1,True,True,False
locomo-conv-47-16,locomo,long_horizon,A1_relational_binding,weak,False,0.1333,0.3888,31,10,False,False,True
locomo-conv-47-17,locomo,long_horizon,A1_relational_binding,weak,False,0.1,0.3047,31,12,False,False,True
locomo-conv-47-19,locomo,long_horizon,A1_relational_binding,weak,False,0.0714,0.0954,31,25,False,False,True
locomo-conv-47-25,locomo,long_horizon,A1_relational_binding,weak,False,0.1034,0.311,31,1,True,True,False
locomo-conv-47-30,locomo,long_horizon,A1_relational_binding,weak,False,0.0571,0.1874,31,13,False,False,True
locomo-conv-47-33,locomo,long_horizon,A1_relational_binding,weak,False,0.0769,0.0866,31,9,False,False,True
locomo-conv-47-35,locomo,long_horizon,A1_relational_binding,weak,False,0.0714,0.3108,31,10,False,False,True
locomo-conv-47-36,locomo,long_horizon,A1_relational_binding,weak,False,0.125,0.1978,31,7,False,False,True
locomo-conv-47-44,locomo,long_horizon,A1_relational_binding,weak,False,0.1429,0.3431,31,16,False,False,True
locomo-conv-47-67,locomo,long_horizon,A2_cue_chain,weak,False,0.1429,0.4146,31,1,True,True,False
locomo-conv-47-68,locomo,long_horizon,A2_cue_chain,weak,False,0.08,0.193,31,6,False,False,True
locomo-conv-47-69,locomo,long_horizon,A2_cue_chain,weak,False,0.087,0.1867,31,16,False,False,True
locomo-conv-47-70,locomo,long_horizon,A2_cue_chain,weak,False,0.1875,0.241,31,19,False,False,True
locomo-conv-47-71,locomo,long_horizon,A2_cue_chain,weak,False,0.05,0.2048,31,22,False,False,True
locomo-conv-47-72,locomo,long_horizon,A2_cue_chain,weak,False,0.16,0.2755,31,17,False,False,True
locomo-conv-47-73,locomo,long_horizon,A2_cue_chain,weak,False,0.2,0.4305,31,2,False,True,False
locomo-conv-47-74,locomo,long_horizon,A2_cue_chain,weak,False,0.2353,0.4109,31,22,False,False,True
locomo-conv-47-75,locomo,long_horizon,A2_cue_chain,weak,False,0.1667,0.2152,31,2,False,True,False
locomo-conv-47-76,locomo,long_horizon,A2_cue_chain,weak,False,0.2308,0.3772,31,1,True,True,False
locomo-conv-47-77,locomo,long_horizon,A2_cue_chain,weak,False,0.0476,0.3469,31,4,False,False,True
locomo-conv-47-78,locomo,long_horizon,A2_cue_chain,weak,False,0.04,0.2123,31,13,False,False,True
locomo-conv-47-79,locomo,long_horizon,A2_cue_chain,weak,False,0.1304,0.2273,31,8,False,False,True
locomo-conv-47-80,locomo,long_horizon,A2_cue_chain,weak,False,0.0909,0.311,31,2,False,True,False
locomo-conv-47-81,locomo,long_horizon,A2_cue_chain,weak,False,0.0444,0.3725,31,1,True,True,False
locomo-conv-47-82,locomo,long_horizon,A2_cue_chain,weak,False,0.1176,0.2617,31,2,False,True,False
locomo-conv-47-83,locomo,long_horizon,A2_cue_chain,weak,False,0.1111,0.2207,31,30,False,False,True
locomo-conv-47-84,locomo,long_horizon,A2_cue_chain,weak,False,0.2778,0.2968,31,13,False,False,True
locomo-conv-47-85,locomo,long_horizon,A2_cue_chain,weak,False,0.2727,0.3857,31,10,False,False,True
locomo-conv-47-86,locomo,long_horizon,A2_cue_chain,weak,False,0.0833,0.3082,31,4,False,False,True
locomo-conv-47-87,locomo,long_horizon,A2_cue_chain,weak,False,0.3077,0.5205,31,4,False,False,True
locomo-conv-47-88,locomo,long_horizon,A2_cue_chain,weak,False,0.0556,0.1266,31,9,False,False,True
locomo-conv-47-89,locomo,long_horizon,A2_cue_chain,weak,False,0.25,0.4525,31,3,False,True,False
locomo-conv-47-90,locomo,long_horizon,A2_cue_chain,weak,False,0.2222,0.4649,31,7,False,False,True
locomo-conv-47-91,locomo,long_horizon,A2_cue_chain,weak,False,0.0769,0.1946,31,28,False,False,True
locomo-conv-47-92,locomo,long_horizon,A2_cue_chain,weak,False,0.0833,0.2752,31,7,False,False,True
locomo-conv-47-93,locomo,long_horizon,A2_cue_chain,weak,False,0.1333,0.4146,31,3,False,True,False
locomo-conv-47-94,locomo,long_horizon,A2_cue_chain,weak,False,0.1111,0.2599,31,19,False,False,True
locomo-conv-47-95,locomo,long_horizon,A2_cue_chain,weak,False,0.1111,0.1331,31,13,False,False,True
locomo-conv-47-96,locomo,long_horizon,A2_cue_chain,weak,False,0.0625,0.0811,31,2,False,True,False
locomo-conv-47-97,locomo,long_horizon,A2_cue_chain,weak,False,0.125,0.2681,31,21,False,False,True
locomo-conv-47-98,locomo,long_horizon,A2_cue_chain,weak,False,0.1333,0.3294,31,1,True,True,False
locomo-conv-47-99,locomo,long_horizon,A2_cue_chain,weak,False,0.1111,0.3258,31,15,False,False,True
locomo-conv-47-100,locomo,long_horizon,A2_cue_chain,weak,False,0.0556,0.2591,31,16,False,False,True
locomo-conv-47-101,locomo,long_horizon,A2_cue_chain,weak,False,0.125,0.2576,31,1,True,True,False
locomo-conv-47-102,locomo,long_horizon,A2_cue_chain,weak,False,0.1071,0.2965,31,8,False,False,True
locomo-conv-47-103,locomo,long_horizon,A2_cue_chain,weak,False,0.1,0.2308,31,6,False,False,True
locomo-conv-47-104,locomo,long_horizon,A2_cue_chain,weak,False,0.3,0.4526,31,7,False,False,True
locomo-conv-47-105,locomo,long_horizon,A2_cue_chain,weak,False,0.2727,0.3176,31,10,False,False,True
locomo-conv-47-106,locomo,long_horizon,A2_cue_chain,weak,False,0.1667,0.195,31,15,False,False,True
locomo-conv-47-107,locomo,long_horizon,A2_cue_chain,weak,False,0.0625,0.2648,31,1,True,True,False
locomo-conv-47-108,locomo,long_horizon,A2_cue_chain,weak,False,0.0952,0.3183,31,4,False,False,True
locomo-conv-47-109,locomo,long_horizon,A2_cue_chain,weak,False,0.1111,0.3738,31,5,False,False,True
locomo-conv-47-110,locomo,long_horizon,A2_cue_chain,weak,False,0.1429,0.2558,31,21,False,False,True
locomo-conv-47-111,locomo,long_horizon,A2_cue_chain,weak,False,0.0833,0.2324,31,7,False,False,True
locomo-conv-47-112,locomo,long_horizon,A2_cue_chain,weak,False,0.1429,0.2917,31,2,False,True,False
locomo-conv-47-113,locomo,long_horizon,A2_cue_chain,weak,False,0.1304,0.3358,31,1,True,True,False
locomo-conv-47-114,locomo,long_horizon,A2_cue_chain,weak,False,0.1304,0.3175,31,1,True,True,False
locomo-conv-47-115,locomo,long_horizon,A2_cue_chain,weak,False,0.3,0.356,31,10,False,False,True
locomo-conv-47-116,locomo,long_horizon,A2_cue_chain,weak,False,0.25,0.2672,31,12,False,False,True
locomo-conv-47-117,locomo,long_horizon,A2_cue_chain,weak,False,0.05,0.2034,31,4,False,False,True
locomo-conv-47-118,locomo,long_horizon,A2_cue_chain,weak,False,0.15,0.3991,31,12,False,False,True
locomo-conv-47-119,locomo,long_horizon,A2_cue_chain,weak,False,0.125,0.1949,31,7,False,False,True
locomo-conv-47-120,locomo,long_horizon,A2_cue_chain,weak,False,0.125,0.3001,31,7,False,False,True
locomo-conv-47-121,locomo,long_horizon,A2_cue_chain,weak,False,0.1818,0.4568,31,10,False,False,True
locomo-conv-47-122,locomo,long_horizon,A2_cue_chain,weak,False,0.2308,0.4172,31,2,False,True,False
locomo-conv-47-123,locomo,long_horizon,A2_cue_chain,weak,False,0.2667,0.47,31,1,True,True,False
locomo-conv-47-124,locomo,long_horizon,A2_cue_chain,weak,False,0.1154,0.4151,31,3,False,True,False
locomo-conv-47-125,locomo,long_horizon,A2_cue_chain,weak,False,0.1852,0.4613,31,5,False,False,True
locomo-conv-47-126,locomo,long_horizon,A2_cue_chain,weak,False,0.1111,0.3856,31,8,False,False,True
locomo-conv-47-127,locomo,long_horizon,A2_cue_chain,weak,False,0.1667,0.3708,31,17,False,False,True
locomo-conv-47-128,locomo,long_horizon,A2_cue_chain,weak,False,0.0526,0.1725,31,9,False,False,True
locomo-conv-47-129,locomo,long_horizon,A2_cue_chain,weak,False,0.1333,0.1638,31,1,True,True,False
locomo-conv-47-130,locomo,long_horizon,A2_cue_chain,weak,False,0.3333,0.4493,31,1,True,True,False
locomo-conv-47-131,locomo,long_horizon,A2_cue_chain,weak,False,0.3125,0.5498,31,1,True,True,False
locomo-conv-47-132,locomo,long_horizon,A2_cue_chain,weak,False,0.1765,0.1946,31,4,False,False,True
locomo-conv-47-133,locomo,long_horizon,A2_cue_chain,weak,False,0.0769,0.2492,31,2,False,True,False
locomo-conv-47-134,locomo,long_horizon,A2_cue_chain,weak,False,0.2083,0.4497,31,1,True,True,False
locomo-conv-47-135,locomo,long_horizon,A2_cue_chain,weak,False,0.0741,0.1547,31,30,False,False,True
locomo-conv-47-136,locomo,long_horizon,A2_cue_chain,weak,False,0.0833,0.1825,31,12,False,False,True
locomo-conv-47-137,locomo,long_horizon,A2_cue_chain,weak,False,0.2727,0.3689,31,4,False,False,True
locomo-conv-47-138,locomo,long_horizon,A2_cue_chain,weak,False,0.125,0.3227,31,1,True,True,False
locomo-conv-47-139,locomo,long_horizon,A2_cue_chain,weak,False,0.2941,0.5153,31,10,False,False,True
locomo-conv-47-140,locomo,long_horizon,A2_cue_chain,weak,False,0.0952,0.2957,31,5,False,False,True
locomo-conv-47-141,locomo,long_horizon,A2_cue_chain,weak,False,0.0784,0.2794,31,3,False,True,False
locomo-conv-47-142,locomo,long_horizon,A2_cue_chain,weak,False,0.0385,0.2637,31,6,False,False,True
locomo-conv-47-143,locomo,long_horizon,A2_cue_chain,weak,False,0.1429,0.2633,31,17,False,False,True
locomo-conv-47-144,locomo,long_horizon,A2_cue_chain,weak,False,0.0625,0.2275,31,19,False,False,True
locomo-conv-47-145,locomo,long_horizon,A2_cue_chain,weak,False,0.2143,0.3467,31,4,False,False,True
locomo-conv-47-146,locomo,long_horizon,A2_cue_chain,weak,False,0.1765,0.4522,31,2,False,True,False
locomo-conv-47-147,locomo,long_horizon,A2_cue_chain,weak,False,0.0769,0.2629,31,1,True,True,False
locomo-conv-47-148,locomo,long_horizon,A2_cue_chain,weak,False,0.2,0.4418,31,4,False,False,True
locomo-conv-47-149,locomo,long_horizon,A2_cue_chain,weak,False,0.3333,0.3873,31,8,False,False,True
locomo-conv-48-5,locomo,long_horizon,A1_relational_binding,weak,False,0.1875,0.4633,30,4,False,False,True
locomo-conv-48-11,locomo,long_horizon,A2_cue_chain,strong,False,0.0385,0.2794,30,2,False,True,False
locomo-conv-48-15,locomo,long_horizon,A2_cue_chain,weak,False,0.0303,0.2202,30,5,False,False,True
locomo-conv-48-16,locomo,long_horizon,A2_cue_chain,weak,False,0.069,0.3437,30,5,False,False,True
locomo-conv-48-18,locomo,long_horizon,A1_relational_binding,weak,False,0.1,0.2828,30,2,False,True,False
locomo-conv-48-23,locomo,long_horizon,A2_cue_chain,strong,False,0.0667,0.1438,30,18,False,False,True
locomo-conv-48-25,locomo,long_horizon,A2_cue_chain,weak,False,0.0357,0.2949,30,12,False,False,True
locomo-conv-48-28,locomo,long_horizon,A1_relational_binding,weak,False,0.0952,0.3062,30,20,False,False,True
locomo-conv-48-33,locomo,long_horizon,A2_cue_chain,weak,False,0.125,0.2608,30,9,False,False,True
locomo-conv-48-36,locomo,long_horizon,A2_cue_chain,strong,False,0.0092,0.1872,30,3,False,True,False
locomo-conv-48-40,locomo,long_horizon,A1_relational_binding,weak,False,0.037,0.3515,30,3,False,True,False
locomo-conv-48-42,locomo,long_horizon,A2_cue_chain,weak,False,0.1081,0.3072,30,2,False,True,False
locomo-conv-48-48,locomo,long_horizon,A1_relational_binding,weak,False,0.0625,0.053,30,8,False,False,True
locomo-conv-48-49,locomo,long_horizon,A2_cue_chain,weak,False,0.2,0.3378,30,1,True,True,False
locomo-conv-48-58,locomo,long_horizon,A2_cue_chain,weak,False,0.025,0.1877,30,20,False,False,True
locomo-conv-48-59,locomo,long_horizon,A2_cue_chain,weak,False,0.0952,0.3387,30,7,False,False,True
locomo-conv-48-61,locomo,long_horizon,A2_cue_chain,weak,False,0.0488,0.3454,30,1,True,True,False
locomo-conv-48-62,locomo,long_horizon,A2_cue_chain,weak,False,0.0909,0.1443,30,3,False,True,False
locomo-conv-48-63,locomo,long_horizon,A2_cue_chain,weak,False,0.2,0.3686,30,12,False,False,True
locomo-conv-48-64,locomo,long_horizon,A2_cue_chain,strong,False,0.15,0.2914,30,6,False,False,True
locomo-conv-48-67,locomo,long_horizon,A2_cue_chain,weak,False,0.1042,0.3893,30,3,False,True,False
locomo-conv-48-69,locomo,long_horizon,A2_cue_chain,weak,False,0.0833,0.5836,30,1,True,True,False
locomo-conv-48-70,locomo,long_horizon,A1_relational_binding,weak,False,0.2778,0.3426,30,2,False,True,False
locomo-conv-48-72,locomo,long_horizon,A2_cue_chain,weak,False,0.1429,0.1961,30,26,False,False,True
locomo-conv-48-74,locomo,long_horizon,A2_cue_chain,weak,False,0.2222,0.2892,30,19,False,False,True
locomo-conv-48-75,locomo,long_horizon,A1_relational_binding,weak,False,0.1667,0.3411,30,18,False,False,True
locomo-conv-48-89,locomo,long_horizon,A2_cue_chain,weak,False,0.069,0.3437,30,5,False,False,True
locomo-conv-48-90,locomo,long_horizon,A2_cue_chain,weak,False,0.0357,0.2949,30,12,False,False,True
locomo-conv-48-91,locomo,long_horizon,A2_cue_chain,weak,False,0.1081,0.3072,30,2,False,True,False
locomo-conv-48-92,locomo,long_horizon,A2_cue_chain,weak,False,0.025,0.1877,30,20,False,False,True
locomo-conv-48-93,locomo,long_horizon,A2_cue_chain,weak,False,0.0488,0.3454,30,1,True,True,False
locomo-conv-48-94,locomo,long_horizon,A2_cue_chain,weak,False,0.0909,0.1443,30,3,False,True,False
locomo-conv-48-95,locomo,long_horizon,A2_cue_chain,weak,False,0.2,0.3686,30,12,False,False,True
locomo-conv-48-96,locomo,long_horizon,A2_cue_chain,weak,False,0.1042,0.3893,30,3,False,True,False
locomo-conv-48-97,locomo,long_horizon,A2_cue_chain,weak,False,0.0833,0.5836,30,1,True,True,False
locomo-conv-48-98,locomo,long_horizon,A2_cue_chain,weak,False,0.1429,0.1961,30,26,False,False,True
locomo-conv-48-99,locomo,long_horizon,A2_cue_chain,weak,False,0.2222,0.2892,30,19,False,False,True
locomo-conv-48-100,locomo,long_horizon,A2_cue_chain,weak,False,0.1667,0.2762,30,14,False,False,True
locomo-conv-48-101,locomo,long_horizon,A2_cue_chain,weak,False,0.125,0.2268,30,1,True,True,False
locomo-conv-48-102,locomo,long_horizon,A2_cue_chain,weak,False,0.1,0.1695,30,10,False,False,True
locomo-conv-48-103,locomo,long_horizon,A2_cue_chain,weak,False,0.125,0.225,30,9,False,False,True
locomo-conv-48-104,locomo,long_horizon,A2_cue_chain,weak,False,0.1538,0.2686,30,19,False,False,True
locomo-conv-48-105,locomo,long_horizon,A2_cue_chain,weak,False,0.1111,0.2081,30,24,False,False,True
locomo-conv-48-106,locomo,long_horizon,A2_cue_chain,weak,False,0.0909,0.2745,30,5,False,False,True
locomo-conv-48-107,locomo,long_horizon,A2_cue_chain,weak,False,0.1765,0.4165,30,14,False,False,True
locomo-conv-48-108,locomo,long_horizon,A2_cue_chain,weak,False,0.0588,0.2173,30,1,True,True,False
locomo-conv-48-109,locomo,long_horizon,A2_cue_chain,weak,False,0.0588,0.1963,30,1,True,True,False
locomo-conv-48-110,locomo,long_horizon,A2_cue_chain,weak,False,0.1935,0.3846,30,1,True,True,False
locomo-conv-48-111,locomo,long_horizon,A2_cue_chain,weak,False,0.1538,0.3813,30,1,True,True,False
locomo-conv-48-112,locomo,long_horizon,A2_cue_chain,weak,False,0.1765,0.3436,30,13,False,False,True
locomo-conv-48-113,locomo,long_horizon,A2_cue_chain,weak,False,0.2,0.4533,30,9,False,False,True
locomo-conv-48-114,locomo,long_horizon,A2_cue_chain,weak,False,0.0625,0.3059,30,20,False,False,True
locomo-conv-48-115,locomo,long_horizon,A2_cue_chain,weak,False,0.2917,0.6481,30,1,True,True,False
locomo-conv-48-116,locomo,long_horizon,A2_cue_chain,weak,False,0.1818,0.3175,30,30,False,False,True
locomo-conv-48-117,locomo,long_horizon,A2_cue_chain,weak,False,0.1333,0.1591,30,10,False,False,True
locomo-conv-48-118,locomo,long_horizon,A2_cue_chain,weak,False,0.2667,0.4167,30,14,False,False,True
locomo-conv-48-119,locomo,long_horizon,A2_cue_chain,weak,False,0.1667,0.3155,30,4,False,False,True
locomo-conv-48-120,locomo,long_horizon,A2_cue_chain,weak,False,0.0714,0.4713,30,2,False,True,False
locomo-conv-48-121,locomo,long_horizon,A2_cue_chain,weak,False,0.0526,0.2233,30,12,False,False,True
locomo-conv-48-122,locomo,long_horizon,A2_cue_chain,weak,False,0.2273,0.5068,30,2,False,True,False
locomo-conv-48-123,locomo,long_horizon,A2_cue_chain,weak,False,0.1923,0.5193,30,2,False,True,False
locomo-conv-48-124,locomo,long_horizon,A2_cue_chain,weak,False,0.0435,0.3,30,27,False,False,True
locomo-conv-48-125,locomo,long_horizon,A2_cue_chain,weak,False,0.25,0.4616,30,3,False,True,False
locomo-conv-48-126,locomo,long_horizon,A2_cue_chain,weak,False,0.1852,0.3839,30,2,False,True,False
locomo-conv-48-127,locomo,long_horizon,A2_cue_chain,weak,False,0.16,0.3565,30,4,False,False,True
locomo-conv-48-128,locomo,long_horizon,A2_cue_chain,weak,False,0.3125,0.3937,30,15,False,False,True
locomo-conv-48-129,locomo,long_horizon,A2_cue_chain,weak,False,0.1071,0.3701,30,2,False,True,False
locomo-conv-48-130,locomo,long_horizon,A2_cue_chain,weak,False,0.12,0.3098,30,4,False,False,True
locomo-conv-48-131,locomo,long_horizon,A2_cue_chain,weak,False,0.1379,0.4282,30,5,False,False,True
locomo-conv-48-132,locomo,long_horizon,A2_cue_chain,weak,False,0.2069,0.4215,30,15,False,False,True
locomo-conv-48-133,locomo,long_horizon,A2_cue_chain,weak,False,0.0476,0.0832,30,11,False,False,True
locomo-conv-48-134,locomo,long_horizon,A2_cue_chain,weak,False,0.125,0.2412,30,15,False,False,True
locomo-conv-48-135,locomo,long_horizon,A2_cue_chain,weak,False,0.1875,0.3487,30,9,False,False,True
locomo-conv-48-136,locomo,long_horizon,A2_cue_chain,weak,False,0.4167,0.5633,30,2,False,True,False
locomo-conv-48-137,locomo,long_horizon,A2_cue_chain,weak,False,0.1875,0.393,30,12,False,False,True
locomo-conv-48-138,locomo,long_horizon,A2_cue_chain,weak,False,0.1429,0.3119,30,9,False,False,True
locomo-conv-48-139,locomo,long_horizon,A2_cue_chain,weak,False,0.1111,0.3089,30,2,False,True,False
locomo-conv-48-140,locomo,long_horizon,A2_cue_chain,weak,False,0.0833,0.2029,30,14,False,False,True
locomo-conv-48-141,locomo,long_horizon,A2_cue_chain,weak,False,0.0588,0.16,30,16,False,False,True
locomo-conv-48-142,locomo,long_horizon,A2_cue_chain,weak,False,0.1852,0.4242,30,13,False,False,True
locomo-conv-48-143,locomo,long_horizon,A2_cue_chain,weak,False,0.375,0.5281,30,21,False,False,True
locomo-conv-48-144,locomo,long_horizon,A2_cue_chain,weak,False,0.0833,0.1554,30,1,True,True,False
locomo-conv-48-145,locomo,long_horizon,A2_cue_chain,weak,False,0.125,0.4137,30,1,True,True,False
locomo-conv-48-146,locomo,long_horizon,A2_cue_chain,weak,False,0.0909,0.1796,30,23,False,False,True
locomo-conv-48-147,locomo,long_horizon,A2_cue_chain,weak,False,0.25,0.4802,30,10,False,False,True
locomo-conv-48-148,locomo,long_horizon,A2_cue_chain,weak,False,0.2174,0.4827,30,10,False,False,True
locomo-conv-48-149,locomo,long_horizon,A2_cue_chain,weak,False,0.1818,0.4327,30,2,False,True,False
locomo-conv-48-150,locomo,long_horizon,A2_cue_chain,weak,False,0.2609,0.5919,30,1,True,True,False
locomo-conv-48-151,locomo,long_horizon,A2_cue_chain,weak,False,0.2857,0.5545,30,1,True,True,False
locomo-conv-48-152,locomo,long_horizon,A2_cue_chain,weak,False,0.2308,0.2043,30,11,False,False,True
locomo-conv-48-153,locomo,long_horizon,A2_cue_chain,weak,False,0.25,0.4171,30,11,False,False,True
locomo-conv-48-154,locomo,long_horizon,A2_cue_chain,weak,False,0.1852,0.3821,30,14,False,False,True
locomo-conv-48-155,locomo,long_horizon,A2_cue_chain,weak,False,0.0385,0.1429,30,5,False,False,True
locomo-conv-48-156,locomo,long_horizon,A2_cue_chain,weak,False,0.2143,0.4966,30,1,True,True,False
locomo-conv-48-157,locomo,long_horizon,A2_cue_chain,weak,False,0.1818,0.2354,30,12,False,False,True
locomo-conv-48-158,locomo,long_horizon,A2_cue_chain,weak,False,0.1071,0.3279,30,21,False,False,True
locomo-conv-48-159,locomo,long_horizon,A2_cue_chain,weak,False,0.0968,0.1686,30,17,False,False,True
locomo-conv-48-160,locomo,long_horizon,A2_cue_chain,weak,False,0.1111,0.2091,30,26,False,False,True
locomo-conv-48-161,locomo,long_horizon,A2_cue_chain,weak,False,0.1667,0.4723,30,2,False,True,False
locomo-conv-48-162,locomo,long_horizon,A2_cue_chain,weak,False,0.1282,0.3708,30,4,False,False,True
locomo-conv-48-163,locomo,long_horizon,A2_cue_chain,weak,False,0.2857,0.2466,30,8,False,False,True
locomo-conv-48-164,locomo,long_horizon,A2_cue_chain,weak,False,0.1429,0.4352,30,2,False,True,False
locomo-conv-48-165,locomo,long_horizon,A2_cue_chain,weak,False,0.3333,0.5178,30,1,True,True,False
locomo-conv-48-166,locomo,long_horizon,A2_cue_chain,weak,False,0.3333,0.4303,30,1,True,True,False
locomo-conv-48-167,locomo,long_horizon,A2_cue_chain,weak,False,0.2143,0.3904,30,1,True,True,False
locomo-conv-48-168,locomo,long_horizon,A2_cue_chain,weak,False,0.0769,0.1456,30,3,False,True,False
locomo-conv-48-169,locomo,long_horizon,A2_cue_chain,weak,False,0.1429,0.3427,30,17,False,False,True
locomo-conv-48-170,locomo,long_horizon,A2_cue_chain,weak,False,0.1379,0.28,30,17,False,False,True
locomo-conv-48-171,locomo,long_horizon,A2_cue_chain,weak,False,0.2667,0.4468,30,7,False,False,True
locomo-conv-48-172,locomo,long_horizon,A2_cue_chain,weak,False,0.1,0.3126,30,4,False,False,True
locomo-conv-48-173,locomo,long_horizon,A2_cue_chain,weak,False,0.0952,0.267,30,1,True,True,False
locomo-conv-48-174,locomo,long_horizon,A2_cue_chain,weak,False,0.0909,0.2598,30,8,False,False,True
locomo-conv-48-175,locomo,long_horizon,A2_cue_chain,weak,False,0.0968,0.4895,30,7,False,False,True
locomo-conv-48-176,locomo,long_horizon,A2_cue_chain,weak,False,0.1333,0.6175,30,1,True,True,False
locomo-conv-48-177,locomo,long_horizon,A2_cue_chain,weak,False,0.0909,0.232,30,1,True,True,False
locomo-conv-48-178,locomo,long_horizon,A2_cue_chain,weak,False,0.0938,0.3309,30,4,False,False,True
locomo-conv-48-179,locomo,long_horizon,A2_cue_chain,weak,False,0.1154,0.1989,30,21,False,False,True
locomo-conv-48-180,locomo,long_horizon,A2_cue_chain,weak,False,0.0909,0.2388,30,2,False,True,False
locomo-conv-48-181,locomo,long_horizon,A2_cue_chain,weak,False,0.1429,0.2111,30,7,False,False,True
locomo-conv-48-182,locomo,long_horizon,A2_cue_chain,weak,False,0.0952,0.313,30,9,False,False,True
locomo-conv-48-183,locomo,long_horizon,A2_cue_chain,weak,False,0.1111,0.1988,30,2,False,True,False
locomo-conv-48-184,locomo,long_horizon,A2_cue_chain,weak,False,0.12,0.3482,30,13,False,False,True
locomo-conv-48-185,locomo,long_horizon,A2_cue_chain,weak,False,0.0769,0.2823,30,1,True,True,False
locomo-conv-48-186,locomo,long_horizon,A2_cue_chain,weak,False,0.0625,0.2242,30,4,False,False,True
locomo-conv-48-187,locomo,long_horizon,A2_cue_chain,weak,False,0.75,0.7627,30,8,False,False,True
locomo-conv-48-188,locomo,long_horizon,A2_cue_chain,weak,False,0.1667,0.1863,30,10,False,False,True
locomo-conv-48-189,locomo,long_horizon,A2_cue_chain,weak,False,0.129,0.3943,30,7,False,False,True
locomo-conv-48-190,locomo,long_horizon,A2_cue_chain,weak,False,0.1429,0.4354,30,2,False,True,False
locomo-conv-49-5,locomo,long_horizon,A1_relational_binding,weak,False,0.0303,0.1379,25,17,False,False,True
locomo-conv-49-10,locomo,long_horizon,A2_cue_chain,strong,False,0.0353,0.286,25,4,False,False,True
locomo-conv-49-19,locomo,long_horizon,A2_cue_chain,strong,False,0.0429,0.5153,25,3,False,True,False
locomo-conv-49-20,locomo,long_horizon,A2_cue_chain,strong,False,0.0504,0.4072,25,1,True,True,False
locomo-conv-49-27,locomo,long_horizon,A1_relational_binding,weak,False,0.0417,0.172,25,1,True,True,False
locomo-conv-49-31,locomo,long_horizon,A1_relational_binding,weak,True,,,0,,,,
locomo-conv-49-38,locomo,long_horizon,A1_relational_binding,weak,True,,,0,,,,
locomo-conv-49-43,locomo,long_horizon,A2_cue_chain,strong,False,0.0405,0.3346,25,3,False,True,False
locomo-conv-49-46,locomo,long_horizon,A1_relational_binding,weak,True,,,0,,,,
locomo-conv-49-51,locomo,long_horizon,A2_cue_chain,strong,False,0.011,0.3384,25,6,False,False,True
locomo-conv-49-57,locomo,long_horizon,A1_relational_binding,weak,False,0.0714,0.0993,25,15,False,False,True
locomo-conv-49-65,locomo,long_horizon,A1_relational_binding,weak,False,0.0536,0.338,25,2,False,True,False
locomo-conv-49-71,locomo,long_horizon,A1_relational_binding,weak,False,0.0556,0.0714,25,15,False,False,True
locomo-conv-49-83,locomo,long_horizon,A2_cue_chain,weak,False,0.1,0.1277,25,2,False,True,False
locomo-conv-49-84,locomo,long_horizon,A2_cue_chain,weak,False,0.0909,0.1779,25,2,False,True,False
locomo-conv-49-85,locomo,long_horizon,A2_cue_chain,weak,False,0.5455,0.7096,25,2,False,True,False
locomo-conv-49-86,locomo,long_horizon,A2_cue_chain,weak,False,0.0625,0.121,25,3,False,True,False
locomo-conv-49-87,locomo,long_horizon,A2_cue_chain,weak,False,0.129,0.3272,25,10,False,False,True
locomo-conv-49-88,locomo,long_horizon,A2_cue_chain,weak,False,0.04,0.088,25,9,False,False,True
locomo-conv-49-89,locomo,long_horizon,A2_cue_chain,weak,False,0.125,0.1966,25,19,False,False,True
locomo-conv-49-90,locomo,long_horizon,A2_cue_chain,weak,False,0.1026,0.3503,25,16,False,False,True
locomo-conv-49-91,locomo,long_horizon,A2_cue_chain,weak,False,0.1818,0.2202,25,13,False,False,True
locomo-conv-49-92,locomo,long_horizon,A2_cue_chain,weak,False,0.2222,0.4509,25,1,True,True,False
locomo-conv-49-93,locomo,long_horizon,A2_cue_chain,weak,False,0.1765,0.2889,25,5,False,False,True
locomo-conv-49-94,locomo,long_horizon,A2_cue_chain,weak,False,0.25,0.2969,25,15,False,False,True
locomo-conv-49-95,locomo,long_horizon,A2_cue_chain,weak,False,0.0435,0.1793,25,4,False,False,True
locomo-conv-49-96,locomo,long_horizon,A2_cue_chain,weak,False,0.0588,0.1203,25,5,False,False,True
locomo-conv-49-97,locomo,long_horizon,A2_cue_chain,weak,False,0.0588,0.252,25,18,False,False,True
locomo-conv-49-98,locomo,long_horizon,A2_cue_chain,weak,False,0.15,0.3804,25,6,False,False,True
locomo-conv-49-99,locomo,long_horizon,A2_cue_chain,weak,False,0.3529,0.4882,25,6,False,False,True
locomo-conv-49-100,locomo,long_horizon,A2_cue_chain,weak,False,0.1538,0.4114,25,4,False,False,True
locomo-conv-49-101,locomo,long_horizon,A2_cue_chain,weak,False,0.2353,0.5565,25,1,True,True,False
locomo-conv-49-102,locomo,long_horizon,A2_cue_chain,weak,False,0.0952,0.195,25,9,False,False,True
locomo-conv-49-103,locomo,long_horizon,A2_cue_chain,weak,False,0.1429,0.133,25,15,False,False,True
locomo-conv-49-104,locomo,long_horizon,A2_cue_chain,weak,False,0.0625,0.2475,25,1,True,True,False
locomo-conv-49-105,locomo,long_horizon,A2_cue_chain,weak,False,0.125,0.1962,25,1,True,True,False
locomo-conv-49-106,locomo,long_horizon,A2_cue_chain,weak,False,0.1786,0.3528,25,4,False,False,True
locomo-conv-49-107,locomo,long_horizon,A2_cue_chain,weak,False,0.2381,0.4496,25,1,True,True,False
locomo-conv-49-108,locomo,long_horizon,A2_cue_chain,weak,False,0.2857,0.3757,25,1,True,True,False
locomo-conv-49-109,locomo,long_horizon,A2_cue_chain,weak,False,0.1333,0.3062,25,2,False,True,False
locomo-conv-49-110,locomo,long_horizon,A2_cue_chain,weak,False,0.027,0.1138,25,20,False,False,True
locomo-conv-49-111,locomo,long_horizon,A2_cue_chain,weak,False,0.1818,0.4349,25,17,False,False,True
locomo-conv-49-112,locomo,long_horizon,A2_cue_chain,weak,False,0.0606,0.3037,25,14,False,False,True
locomo-conv-49-113,locomo,long_horizon,A2_cue_chain,weak,False,0.1818,0.4118,25,7,False,False,True
locomo-conv-49-114,locomo,long_horizon,A2_cue_chain,weak,False,0.1154,0.3546,25,6,False,False,True
locomo-conv-49-115,locomo,long_horizon,A2_cue_chain,weak,False,0.0789,0.3502,25,3,False,True,False
locomo-conv-49-116,locomo,long_horizon,A2_cue_chain,weak,False,0.25,0.2856,25,6,False,False,True
locomo-conv-49-117,locomo,long_horizon,A2_cue_chain,weak,False,0.1053,0.2791,25,1,True,True,False
locomo-conv-49-118,locomo,long_horizon,A2_cue_chain,weak,False,0.0588,0.2816,25,14,False,False,True
locomo-conv-49-119,locomo,long_horizon,A2_cue_chain,weak,False,0.1429,0.2681,25,14,False,False,True
locomo-conv-49-120,locomo,long_horizon,A2_cue_chain,weak,False,0.1316,0.2447,25,25,False,False,True
locomo-conv-49-121,locomo,long_horizon,A2_cue_chain,weak,False,0.1818,0.1769,25,2,False,True,False
locomo-conv-49-122,locomo,long_horizon,A2_cue_chain,weak,False,0.0238,0.2326,25,14,False,False,True
locomo-conv-49-123,locomo,long_horizon,A2_cue_chain,weak,False,0.1081,0.372,25,12,False,False,True
locomo-conv-49-124,locomo,long_horizon,A2_cue_chain,weak,False,0.1818,0.4076,25,9,False,False,True
locomo-conv-49-125,locomo,long_horizon,A2_cue_chain,weak,False,0.0952,0.2326,25,17,False,False,True
locomo-conv-49-126,locomo,long_horizon,A2_cue_chain,weak,False,0.1481,0.3247,25,7,False,False,True
locomo-conv-49-127,locomo,long_horizon,A2_cue_chain,weak,False,0.1481,0.385,25,3,False,True,False
locomo-conv-49-128,locomo,long_horizon,A2_cue_chain,weak,False,0.4286,0.3236,25,17,False,False,True
locomo-conv-49-129,locomo,long_horizon,A2_cue_chain,weak,False,0.1333,0.4282,25,1,True,True,False
locomo-conv-49-130,locomo,long_horizon,A2_cue_chain,weak,False,0.0476,0.1436,25,21,False,False,True
locomo-conv-49-131,locomo,long_horizon,A2_cue_chain,weak,False,0.1905,0.3255,25,14,False,False,True
locomo-conv-49-132,locomo,long_horizon,A2_cue_chain,weak,False,0.2308,0.3173,25,13,False,False,True
locomo-conv-49-133,locomo,long_horizon,A2_cue_chain,weak,False,0.1905,0.3637,25,13,False,False,True
locomo-conv-49-134,locomo,long_horizon,A2_cue_chain,weak,False,0.2778,0.3223,25,4,False,False,True
locomo-conv-49-135,locomo,long_horizon,A2_cue_chain,weak,False,0.1765,0.4996,25,1,True,True,False
locomo-conv-49-136,locomo,long_horizon,A2_cue_chain,weak,False,0.2632,0.3465,25,17,False,False,True
locomo-conv-49-137,locomo,long_horizon,A2_cue_chain,weak,False,0.7,0.7353,25,3,False,True,False
locomo-conv-49-138,locomo,long_horizon,A2_cue_chain,weak,False,0.2353,0.3047,25,8,False,False,True
locomo-conv-49-139,locomo,long_horizon,A2_cue_chain,weak,False,0.3333,0.3712,25,5,False,False,True
locomo-conv-49-140,locomo,long_horizon,A2_cue_chain,weak,False,0.0952,0.3121,25,4,False,False,True
locomo-conv-49-141,locomo,long_horizon,A2_cue_chain,weak,False,0.2258,0.3984,25,6,False,False,True
locomo-conv-49-142,locomo,long_horizon,A2_cue_chain,weak,False,0.0909,0.3819,25,4,False,False,True
locomo-conv-49-143,locomo,long_horizon,A2_cue_chain,weak,False,0.15,0.1846,25,18,False,False,True
locomo-conv-49-144,locomo,long_horizon,A2_cue_chain,weak,False,0.2353,0.2317,25,9,False,False,True
locomo-conv-49-145,locomo,long_horizon,A2_cue_chain,weak,False,0.0455,0.2969,25,1,True,True,False
locomo-conv-49-146,locomo,long_horizon,A2_cue_chain,weak,False,0.2,0.3603,25,1,True,True,False
locomo-conv-49-147,locomo,long_horizon,A2_cue_chain,weak,False,0.2,0.411,25,1,True,True,False
locomo-conv-49-148,locomo,long_horizon,A2_cue_chain,weak,False,0.1111,0.2905,25,2,False,True,False
locomo-conv-49-149,locomo,long_horizon,A2_cue_chain,weak,False,0.125,0.298,25,7,False,False,True
locomo-conv-49-150,locomo,long_horizon,A2_cue_chain,weak,False,0.2667,0.4491,25,2,False,True,False
locomo-conv-49-151,locomo,long_horizon,A2_cue_chain,weak,False,0.1538,0.3872,25,16,False,False,True
locomo-conv-49-152,locomo,long_horizon,A2_cue_chain,weak,False,0.12,0.4432,25,4,False,False,True
locomo-conv-49-153,locomo,long_horizon,A2_cue_chain,weak,False,0.1,0.4706,25,2,False,True,False
locomo-conv-49-154,locomo,long_horizon,A2_cue_chain,weak,False,0.1429,0.3975,25,5,False,False,True
locomo-conv-49-155,locomo,long_horizon,A2_cue_chain,weak,False,0.4,0.6168,25,1,True,True,False
locomo-conv-50-4,locomo,long_horizon,A1_relational_binding,weak,False,0.0312,0.4166,30,2,False,True,False
locomo-conv-50-7,locomo,long_horizon,A1_relational_binding,weak,False,0.2222,0.3646,30,1,True,True,False
locomo-conv-50-13,locomo,long_horizon,A1_relational_binding,weak,False,0.1176,0.3364,30,18,False,False,True
locomo-conv-50-21,locomo,long_horizon,A2_cue_chain,strong,False,0.0185,0.3012,30,8,False,False,True
locomo-conv-50-37,locomo,long_horizon,A2_cue_chain,strong,False,0.0189,0.1935,30,1,True,True,False
locomo-conv-50-39,locomo,long_horizon,A1_relational_binding,absent,True,,,0,,,,
locomo-conv-50-42,locomo,long_horizon,A1_relational_binding,absent,True,,,0,,,,
locomo-conv-50-71,locomo,long_horizon,A2_cue_chain,weak,False,0.2222,0.3643,30,1,True,True,False
locomo-conv-50-72,locomo,long_horizon,A2_cue_chain,weak,False,0.0952,0.2422,30,20,False,False,True
locomo-conv-50-73,locomo,long_horizon,A2_cue_chain,weak,False,0.125,0.4442,30,5,False,False,True
locomo-conv-50-74,locomo,long_horizon,A2_cue_chain,weak,False,0.2222,0.347,30,3,False,True,False
locomo-conv-50-75,locomo,long_horizon,A2_cue_chain,weak,False,0.0606,0.2739,30,2,False,True,False
locomo-conv-50-76,locomo,long_horizon,A2_cue_chain,weak,False,0.2353,0.5185,30,1,True,True,False
locomo-conv-50-77,locomo,long_horizon,A2_cue_chain,weak,False,0.2857,0.4988,30,25,False,False,True
locomo-conv-50-78,locomo,long_horizon,A2_cue_chain,weak,False,0.0588,0.2197,30,17,False,False,True
locomo-conv-50-79,locomo,long_horizon,A2_cue_chain,weak,False,0.0323,0.2521,30,8,False,False,True
locomo-conv-50-80,locomo,long_horizon,A2_cue_chain,weak,False,0.069,0.2196,30,21,False,False,True
locomo-conv-50-81,locomo,long_horizon,A2_cue_chain,weak,False,0.1,0.3028,30,8,False,False,True
locomo-conv-50-82,locomo,long_horizon,A2_cue_chain,weak,False,0.0417,0.1134,30,5,False,False,True
locomo-conv-50-83,locomo,long_horizon,A2_cue_chain,weak,False,0.2273,0.3703,30,14,False,False,True
locomo-conv-50-84,locomo,long_horizon,A2_cue_chain,weak,False,0.2,0.3887,30,1,True,True,False
locomo-conv-50-85,locomo,long_horizon,A2_cue_chain,weak,False,0.1333,0.3039,30,10,False,False,True
locomo-conv-50-86,locomo,long_horizon,A2_cue_chain,weak,False,0.2273,0.3836,30,11,False,False,True
locomo-conv-50-87,locomo,long_horizon,A2_cue_chain,weak,False,0.1667,0.3845,30,3,False,True,False
locomo-conv-50-88,locomo,long_horizon,A2_cue_chain,weak,False,0.0952,0.3857,30,4,False,False,True
locomo-conv-50-89,locomo,long_horizon,A2_cue_chain,weak,False,0.0625,0.3191,30,3,False,True,False
locomo-conv-50-90,locomo,long_horizon,A2_cue_chain,weak,False,0.2069,0.3469,30,4,False,False,True
locomo-conv-50-91,locomo,long_horizon,A2_cue_chain,weak,False,0.0857,0.3397,30,1,True,True,False
locomo-conv-50-92,locomo,long_horizon,A2_cue_chain,weak,False,0.0294,0.1498,30,19,False,False,True
locomo-conv-50-93,locomo,long_horizon,A2_cue_chain,weak,False,0.3077,0.4789,30,10,False,False,True
locomo-conv-50-94,locomo,long_horizon,A2_cue_chain,weak,False,0.2174,0.4074,30,1,True,True,False
locomo-conv-50-95,locomo,long_horizon,A2_cue_chain,weak,False,0.1905,0.4182,30,1,True,True,False
locomo-conv-50-96,locomo,long_horizon,A2_cue_chain,weak,False,0.0909,0.2568,30,1,True,True,False
locomo-conv-50-97,locomo,long_horizon,A2_cue_chain,weak,False,0.1429,0.1755,30,1,True,True,False
locomo-conv-50-98,locomo,long_horizon,A2_cue_chain,weak,False,0.3125,0.4051,30,4,False,False,True
locomo-conv-50-99,locomo,long_horizon,A2_cue_chain,weak,False,0.1905,0.2587,30,14,False,False,True
locomo-conv-50-100,locomo,long_horizon,A2_cue_chain,weak,False,0.1739,0.4041,30,5,False,False,True
locomo-conv-50-101,locomo,long_horizon,A2_cue_chain,weak,False,0.1,0.2031,30,2,False,True,False
locomo-conv-50-102,locomo,long_horizon,A2_cue_chain,weak,False,0.0667,0.1937,30,18,False,False,True
locomo-conv-50-103,locomo,long_horizon,A2_cue_chain,weak,False,0.0455,0.3275,30,9,False,False,True
locomo-conv-50-104,locomo,long_horizon,A2_cue_chain,weak,False,0.3077,0.4639,30,20,False,False,True
locomo-conv-50-105,locomo,long_horizon,A2_cue_chain,weak,False,0.0625,0.2751,30,23,False,False,True
locomo-conv-50-106,locomo,long_horizon,A2_cue_chain,weak,False,0.1562,0.4396,30,1,True,True,False
locomo-conv-50-107,locomo,long_horizon,A2_cue_chain,weak,False,0.1905,0.2303,30,15,False,False,True
locomo-conv-50-108,locomo,long_horizon,A2_cue_chain,weak,False,0.1071,0.3283,30,20,False,False,True
locomo-conv-50-109,locomo,long_horizon,A2_cue_chain,weak,False,0.2632,0.3489,30,28,False,False,True
locomo-conv-50-110,locomo,long_horizon,A2_cue_chain,weak,False,0.1071,0.314,30,12,False,False,True
locomo-conv-50-111,locomo,long_horizon,A2_cue_chain,weak,False,0.087,0.1597,30,12,False,False,True
locomo-conv-50-112,locomo,long_horizon,A2_cue_chain,weak,False,0.25,0.424,30,11,False,False,True
locomo-conv-50-113,locomo,long_horizon,A2_cue_chain,weak,False,0.0417,0.2561,30,1,True,True,False
locomo-conv-50-114,locomo,long_horizon,A2_cue_chain,weak,False,0.1724,0.3637,30,1,True,True,False
locomo-conv-50-115,locomo,long_horizon,A2_cue_chain,weak,False,0.1429,0.4871,30,1,True,True,False
locomo-conv-50-116,locomo,long_horizon,A2_cue_chain,weak,False,0.1154,0.345,30,18,False,False,True
locomo-conv-50-117,locomo,long_horizon,A2_cue_chain,weak,False,0.0952,0.169,30,15,False,False,True
locomo-conv-50-118,locomo,long_horizon,A2_cue_chain,weak,False,0.16,0.446,30,4,False,False,True
locomo-conv-50-119,locomo,long_horizon,A2_cue_chain,weak,False,0.0278,0.0977,30,14,False,False,True
locomo-conv-50-120,locomo,long_horizon,A2_cue_chain,weak,False,0.0571,0.2315,30,13,False,False,True
locomo-conv-50-121,locomo,long_horizon,A2_cue_chain,weak,False,0.1333,0.306,30,13,False,False,True
locomo-conv-50-122,locomo,long_horizon,A2_cue_chain,weak,False,0.375,0.6066,30,2,False,True,False
locomo-conv-50-123,locomo,long_horizon,A2_cue_chain,weak,False,0.12,0.2447,30,14,False,False,True
locomo-conv-50-124,locomo,long_horizon,A2_cue_chain,weak,False,0.1333,0.3117,30,18,False,False,True
locomo-conv-50-125,locomo,long_horizon,A2_cue_chain,weak,False,0.0357,0.2744,30,15,False,False,True
locomo-conv-50-126,locomo,long_horizon,A2_cue_chain,weak,False,0.1739,0.3739,30,1,True,True,False
locomo-conv-50-127,locomo,long_horizon,A2_cue_chain,weak,False,0.1667,0.2519,30,3,False,True,False
locomo-conv-50-128,locomo,long_horizon,A2_cue_chain,weak,False,0.0714,0.2575,30,2,False,True,False
locomo-conv-50-129,locomo,long_horizon,A2_cue_chain,weak,False,0.1765,0.342,30,13,False,False,True
locomo-conv-50-130,locomo,long_horizon,A2_cue_chain,weak,False,0.0588,0.1407,30,7,False,False,True
locomo-conv-50-131,locomo,long_horizon,A2_cue_chain,weak,False,0.1667,0.334,30,6,False,False,True
locomo-conv-50-132,locomo,long_horizon,A2_cue_chain,weak,False,0.0625,0.2209,30,11,False,False,True
locomo-conv-50-133,locomo,long_horizon,A2_cue_chain,weak,False,0.1,0.2335,30,18,False,False,True
locomo-conv-50-134,locomo,long_horizon,A2_cue_chain,weak,False,0.0526,0.3622,30,10,False,False,True
locomo-conv-50-135,locomo,long_horizon,A2_cue_chain,weak,False,0.3529,0.4711,30,14,False,False,True
locomo-conv-50-136,locomo,long_horizon,A2_cue_chain,weak,False,0.25,0.2701,30,25,False,False,True
locomo-conv-50-137,locomo,long_horizon,A2_cue_chain,weak,False,0.0741,0.1482,30,18,False,False,True
locomo-conv-50-138,locomo,long_horizon,A2_cue_chain,weak,False,0.0952,0.1785,30,3,False,True,False
locomo-conv-50-139,locomo,long_horizon,A2_cue_chain,weak,False,0.0435,0.1882,30,26,False,False,True
locomo-conv-50-140,locomo,long_horizon,A2_cue_chain,weak,False,0.1429,0.3757,30,14,False,False,True
locomo-conv-50-141,locomo,long_horizon,A2_cue_chain,weak,False,0.0526,0.1198,30,15,False,False,True
locomo-conv-50-142,locomo,long_horizon,A2_cue_chain,weak,False,0.1071,0.2577,30,1,True,True,False
locomo-conv-50-143,locomo,long_horizon,A2_cue_chain,weak,False,0.1154,0.2304,30,2,False,True,False
locomo-conv-50-144,locomo,long_horizon,A2_cue_chain,weak,False,0.2,0.4656,30,3,False,True,False
locomo-conv-50-145,locomo,long_horizon,A2_cue_chain,weak,False,0.2174,0.2968,30,5,False,False,True
locomo-conv-50-146,locomo,long_horizon,A2_cue_chain,weak,False,0.4,0.516,30,1,True,True,False
locomo-conv-50-147,locomo,long_horizon,A2_cue_chain,weak,False,0.2,0.2581,30,6,False,False,True
locomo-conv-50-148,locomo,long_horizon,A2_cue_chain,weak,False,0.25,0.3682,30,2,False,True,False
locomo-conv-50-149,locomo,long_horizon,A2_cue_chain,weak,False,0.1429,0.2456,30,2,False,True,False
locomo-conv-50-150,locomo,long_horizon,A2_cue_chain,weak,False,0.1538,0.378,30,1,True,True,False
locomo-conv-50-151,locomo,long_horizon,A2_cue_chain,weak,False,0.0455,0.2201,30,5,False,False,True
locomo-conv-50-152,locomo,long_horizon,A2_cue_chain,weak,False,0.069,0.1238,30,27,False,False,True
locomo-conv-50-153,locomo,long_horizon,A2_cue_chain,weak,False,0.0385,0.1538,30,3,False,True,False
locomo-conv-50-154,locomo,long_horizon,A2_cue_chain,weak,False,0.087,0.334,30,1,True,True,False
locomo-conv-50-155,locomo,long_horizon,A2_cue_chain,weak,False,0.0938,0.2714,30,19,False,False,True
locomo-conv-50-156,locomo,long_horizon,A2_cue_chain,weak,False,0.0714,0.2045,30,11,False,False,True
locomo-conv-50-157,locomo,long_horizon,A2_cue_chain,weak,False,0.1579,0.2697,30,1,True,True,False
longmemeval-0a995998,longmemeval,long_horizon,A1_relational_binding,,True,,,0,,,,
longmemeval-6d550036,longmemeval,long_horizon,A1_relational_binding,,True,,,0,,,,
longmemeval-gpt4_59c863d7,longmemeval,long_horizon,A1_relational_binding,,True,,,0,,,,
longmemeval-b5ef892d,longmemeval,long_horizon,A1_relational_binding,,True,,,0,,,,
longmemeval-e831120c,longmemeval,long_horizon,A1_relational_binding,,True,,,0,,,,
longmemeval-3a704032,longmemeval,long_horizon,A1_relational_binding,,True,,,0,,,,
longmemeval-gpt4_d84a3211,longmemeval,long_horizon,A1_relational_binding,,True,,,0,,,,
longmemeval-aae3761f,longmemeval,long_horizon,A1_relational_binding,,True,,,0,,,,
longmemeval-gpt4_f2262a51,longmemeval,long_horizon,A1_relational_binding,,True,,,0,,,,
longmemeval-dd2973ad,longmemeval,long_horizon,A1_relational_binding,,True,,,0,,,,
longmemeval-c4a1ceb8,longmemeval,long_horizon,A1_relational_binding,,True,,,0,,,,
longmemeval-gpt4_a56e767c,longmemeval,long_horizon,A1_relational_binding,,True,,,0,,,,
longmemeval-6cb6f249,longmemeval,long_horizon,A1_relational_binding,,True,,,0,,,,
longmemeval-46a3abf7,longmemeval,long_horizon,A1_relational_binding,,True,,,0,,,,
longmemeval-36b9f61e,longmemeval,long_horizon,A1_relational_binding,,True,,,0,,,,
longmemeval-28dc39ac,longmemeval,long_horizon,A1_relational_binding,,True,,,0,,,,
longmemeval-gpt4_2f8be40d,longmemeval,long_horizon,A1_relational_binding,,True,,,0,,,,
longmemeval-2e6d26dc,longmemeval,long_horizon,A1_relational_binding,,True,,,0,,,,
longmemeval-gpt4_15e38248,longmemeval,long_horizon,A1_relational_binding,,True,,,0,,,,
longmemeval-88432d0a,longmemeval,long_horizon,A1_relational_binding,,True,,,0,,,,
longmemeval-80ec1f4f,longmemeval,long_horizon,A1_relational_binding,,True,,,0,,,,
longmemeval-d23cf73b,longmemeval,long_horizon,A1_relational_binding,,True,,,0,,,,
longmemeval-gpt4_7fce9456,longmemeval,long_horizon,A1_relational_binding,,True,,,0,,,,
longmemeval-d682f1a2,longmemeval,long_horizon,A1_relational_binding,,True,,,0,,,,
longmemeval-7024f17c,longmemeval,long_horizon,A1_relational_binding,,True,,,0,,,,
longmemeval-gpt4_5501fe77,longmemeval,long_horizon,A1_relational_binding,,True,,,0,,,,
longmemeval-gpt4_2ba83207,longmemeval,long_horizon,A1_relational_binding,,True,,,0,,,,
longmemeval-2318644b,longmemeval,long_horizon,A1_relational_binding,,True,,,0,,,,
longmemeval-2ce6a0f2,longmemeval,long_horizon,A1_relational_binding,,True,,,0,,,,
longmemeval-gpt4_d12ceb0e,longmemeval,long_horizon,A1_relational_binding,,True,,,0,,,,
longmemeval-00ca467f,longmemeval,long_horizon,A1_relational_binding,,True,,,0,,,,
longmemeval-b3c15d39,longmemeval,long_horizon,A1_relational_binding,,True,,,0,,,,
longmemeval-gpt4_31ff4165,longmemeval,long_horizon,A1_relational_binding,,True,,,0,,,,
longmemeval-eeda8a6d,longmemeval,long_horizon,A1_relational_binding,,True,,,0,,,,
longmemeval-2788b940,longmemeval,long_horizon,A1_relational_binding,,True,,,0,,,,
longmemeval-60bf93ed,longmemeval,long_horizon,A1_relational_binding,,True,,,0,,,,
longmemeval-9d25d4e0,longmemeval,long_horizon,A1_relational_binding,,True,,,0,,,,
longmemeval-129d1232,longmemeval,long_horizon,A1_relational_binding,,True,,,0,,,,
longmemeval-60472f9c,longmemeval,long_horizon,A1_relational_binding,,True,,,0,,,,
longmemeval-gpt4_194be4b3,longmemeval,long_horizon,A1_relational_binding,,True,,,0,,,,
longmemeval-a9f6b44c,longmemeval,long_horizon,A1_relational_binding,,True,,,0,,,,
longmemeval-d851d5ba,longmemeval,long_horizon,A1_relational_binding,,True,,,0,,,,
longmemeval-5a7937c8,longmemeval,long_horizon,A1_relational_binding,,True,,,0,,,,
longmemeval-gpt4_ab202e7f,longmemeval,long_horizon,A1_relational_binding,,True,,,0,,,,
longmemeval-gpt4_e05b82a6,longmemeval,long_horizon,A1_relational_binding,,True,,,0,,,,
longmemeval-gpt4_731e37d7,longmemeval,long_horizon,A1_relational_binding,,True,,,0,,,,
longmemeval-edced276,longmemeval,long_horizon,A1_relational_binding,,True,,,0,,,,
longmemeval-10d9b85a,longmemeval,long_horizon,A1_relational_binding,,True,,,0,,,,
longmemeval-e3038f8c,longmemeval,long_horizon,A1_relational_binding,,True,,,0,,,,
longmemeval-2b8f3739,longmemeval,long_horizon,A1_relational_binding,,True,,,0,,,,
longmemeval-1a8a66a6,longmemeval,long_horizon,A1_relational_binding,,True,,,0,,,,
longmemeval-c2ac3c61,longmemeval,long_horizon,A1_relational_binding,,True,,,0,,,,
longmemeval-bf659f65,longmemeval,long_horizon,A1_relational_binding,,True,,,0,,,,
longmemeval-gpt4_372c3eed,longmemeval,long_horizon,A1_relational_binding,,True,,,0,,,,
longmemeval-gpt4_2f91af09,longmemeval,long_horizon,A1_relational_binding,,True,,,0,,,,
longmemeval-81507db6,longmemeval,long_horizon,A1_relational_binding,,True,,,0,,,,
longmemeval-88432d0a_abs,longmemeval,long_horizon,A5_absence_control,,True,,,0,,,,
longmemeval-80ec1f4f_abs,longmemeval,long_horizon,A5_absence_control,,True,,,0,,,,
longmemeval-eeda8a6d_abs,longmemeval,long_horizon,A5_absence_control,,True,,,0,,,,
longmemeval-60bf93ed_abs,longmemeval,long_horizon,A5_absence_control,,True,,,0,,,,
longmemeval-edced276_abs,longmemeval,long_horizon,A5_absence_control,,True,,,0,,,,
longmemeval-gpt4_372c3eed_abs,longmemeval,long_horizon,A5_absence_control,,True,,,0,,,,
longmemeval-6a1eabeb,longmemeval,long_horizon,A4_temporal_consistency,,False,0.087,0.3326,2,1,True,True,False
longmemeval-6aeb4375,longmemeval,long_horizon,A4_temporal_consistency,,False,0.05,0.2696,2,1,True,True,False
longmemeval-830ce83f,longmemeval,long_horizon,A4_temporal_consistency,,False,0.0,0.1685,2,1,True,True,False
longmemeval-852ce960,longmemeval,long_horizon,A4_temporal_consistency,,False,0.0,0.3112,2,1,True,True,False
longmemeval-945e3d21,longmemeval,long_horizon,A4_temporal_consistency,,False,0.0588,0.3288,2,1,True,True,False
longmemeval-d7c942c3,longmemeval,long_horizon,A4_temporal_consistency,,False,0.0,0.2497,2,1,True,True,False
longmemeval-71315a70,longmemeval,long_horizon,A4_temporal_consistency,,False,0.0476,0.4209,2,1,True,True,False
longmemeval-89941a93,longmemeval,long_horizon,A4_temporal_consistency,,False,0.0,0.1831,2,1,True,True,False
longmemeval-ce6d2d27,longmemeval,long_horizon,A4_temporal_consistency,,False,0.04,0.3043,2,1,True,True,False
longmemeval-9ea5eabc,longmemeval,long_horizon,A4_temporal_consistency,,False,0.1111,0.4804,2,1,True,True,False
longmemeval-07741c44,longmemeval,long_horizon,A4_temporal_consistency,,False,0.0,0.2845,2,1,True,True,False
longmemeval-a1eacc2a,longmemeval,long_horizon,A4_temporal_consistency,,False,0.037,0.3261,2,1,True,True,False
longmemeval-184da446,longmemeval,long_horizon,A4_temporal_consistency,,False,0.0,0.2225,2,1,True,True,False
longmemeval-031748ae,longmemeval,long_horizon,A4_temporal_consistency,,False,0.0455,0.2953,2,1,True,True,False
longmemeval-4d6b87c8,longmemeval,long_horizon,A4_temporal_consistency,,False,0.0417,0.4042,2,1,True,True,False
longmemeval-0f05491a,longmemeval,long_horizon,A4_temporal_consistency,,False,0.0,0.4377,2,1,True,True,False
longmemeval-08e075c7,longmemeval,long_horizon,A4_temporal_consistency,,False,0.0,0.449,2,1,True,True,False
longmemeval-f9e8c073,longmemeval,long_horizon,A4_temporal_consistency,,False,0.0,0.3049,2,1,True,True,False
longmemeval-41698283,longmemeval,long_horizon,A4_temporal_consistency,,False,0.037,0.1977,2,1,True,True,False
longmemeval-2698e78f,longmemeval,long_horizon,A4_temporal_consistency,,False,0.0,0.3123,2,1,True,True,False
longmemeval-b6019101,longmemeval,long_horizon,A4_temporal_consistency,,False,0.1111,0.2776,2,1,True,True,False
longmemeval-45dc21b6,longmemeval,long_horizon,A4_temporal_consistency,,False,0.087,0.4497,2,1,True,True,False
longmemeval-5a4f22c0,longmemeval,long_horizon,A4_temporal_consistency,,False,0.0,0.1776,2,1,True,True,False
longmemeval-6071bd76,longmemeval,long_horizon,A4_temporal_consistency,,False,0.037,0.3802,2,1,True,True,False
longmemeval-e493bb7c,longmemeval,long_horizon,A4_temporal_consistency,,False,0.0,0.1322,2,1,True,True,False
longmemeval-618f13b2,longmemeval,long_horizon,A4_temporal_consistency,,False,0.0,0.345,2,1,True,True,False
longmemeval-72e3ee87,longmemeval,long_horizon,A4_temporal_consistency,,False,0.0769,0.3889,2,1,True,True,False
longmemeval-c4ea545c,longmemeval,long_horizon,A4_temporal_consistency,,False,0.0,0.3355,2,1,True,True,False
longmemeval-01493427,longmemeval,long_horizon,A4_temporal_consistency,,False,0.1053,0.4124,2,1,True,True,False
longmemeval-6a27ffc2,longmemeval,long_horizon,A4_temporal_consistency,,False,0.0,0.1597,2,1,True,True,False
longmemeval-2133c1b5,longmemeval,long_horizon,A4_temporal_consistency,,False,0.0,0.4513,2,1,True,True,False
longmemeval-18bc8abd,longmemeval,long_horizon,A4_temporal_consistency,,False,0.0385,0.4088,2,1,True,True,False
longmemeval-db467c8c,longmemeval,long_horizon,A4_temporal_consistency,,False,0.0,0.2933,2,1,True,True,False
longmemeval-7a87bd0c,longmemeval,long_horizon,A4_temporal_consistency,,False,0.0,0.4179,2,1,True,True,False
longmemeval-e61a7584,longmemeval,long_horizon,A4_temporal_consistency,,False,0.0952,0.4198,2,1,True,True,False
longmemeval-1cea1afa,longmemeval,long_horizon,A4_temporal_consistency,,False,0.0667,0.2168,2,1,True,True,False
longmemeval-ed4ddc30,longmemeval,long_horizon,A4_temporal_consistency,,False,0.0435,0.3449,2,1,True,True,False
longmemeval-8fb83627,longmemeval,long_horizon,A4_temporal_consistency,,False,0.0435,0.2227,2,1,True,True,False
longmemeval-b01defab,longmemeval,long_horizon,A4_temporal_consistency,,False,0.0556,0.3353,2,1,True,True,False
longmemeval-22d2cb42,longmemeval,long_horizon,A4_temporal_consistency,,False,0.0,0.2546,2,1,True,True,False
longmemeval-0e4e4c46,longmemeval,long_horizon,A4_temporal_consistency,,False,0.05,0.1421,2,1,True,True,False
longmemeval-4b24c848,longmemeval,long_horizon,A4_temporal_consistency,,False,0.0,0.3593,2,1,True,True,False
longmemeval-7e974930,longmemeval,long_horizon,A4_temporal_consistency,,False,0.0,0.456,2,1,True,True,False
longmemeval-603deb26,longmemeval,long_horizon,A4_temporal_consistency,,False,0.0,0.3377,2,1,True,True,False
longmemeval-59524333,longmemeval,long_horizon,A4_temporal_consistency,,False,0.05,0.3233,2,1,True,True,False
longmemeval-5831f84d,longmemeval,long_horizon,A4_temporal_consistency,,False,0.0,0.1603,2,1,True,True,False
longmemeval-eace081b,longmemeval,long_horizon,A4_temporal_consistency,,False,0.2857,0.4841,2,1,True,True,False
longmemeval-affe2881,longmemeval,long_horizon,A4_temporal_consistency,,False,0.08,0.4558,2,1,True,True,False
longmemeval-50635ada,longmemeval,long_horizon,A4_temporal_consistency,,False,0.0667,0.2971,2,1,True,True,False
longmemeval-e66b632c,longmemeval,long_horizon,A4_temporal_consistency,,False,0.0,0.2169,2,1,True,True,False
longmemeval-0ddfec37,longmemeval,long_horizon,A4_temporal_consistency,,False,0.037,0.5479,2,1,True,True,False
longmemeval-f685340e,longmemeval,long_horizon,A4_temporal_consistency,,False,0.0,0.3811,2,1,True,True,False
longmemeval-cc5ded98,longmemeval,long_horizon,A4_temporal_consistency,,False,0.0476,0.3494,2,1,True,True,False
longmemeval-dfde3500,longmemeval,long_horizon,A4_temporal_consistency,,False,0.2727,0.4279,2,1,True,True,False
longmemeval-69fee5aa,longmemeval,long_horizon,A4_temporal_consistency,,False,0.0417,0.3765,2,1,True,True,False
longmemeval-7401057b,longmemeval,long_horizon,A4_temporal_consistency,,False,0.0345,0.3063,2,1,True,True,False
longmemeval-cf22b7bf,longmemeval,long_horizon,A4_temporal_consistency,,False,0.0,0.3514,2,1,True,True,False
longmemeval-a2f3aa27,longmemeval,long_horizon,A4_temporal_consistency,,False,0.0455,0.3397,2,1,True,True,False
longmemeval-c7dc5443,longmemeval,long_horizon,A4_temporal_consistency,,False,0.0,0.2004,2,1,True,True,False
longmemeval-06db6396,longmemeval,long_horizon,A4_temporal_consistency,,False,0.04,0.3083,2,1,True,True,False
longmemeval-3ba21379,longmemeval,long_horizon,A4_temporal_consistency,,False,0.037,0.3619,2,1,True,True,False
longmemeval-9bbe84a2,longmemeval,long_horizon,A4_temporal_consistency,,False,0.0,0.3641,2,1,True,True,False
longmemeval-10e09553,longmemeval,long_horizon,A4_temporal_consistency,,False,0.1429,0.3745,2,1,True,True,False
longmemeval-dad224aa,longmemeval,long_horizon,A4_temporal_consistency,,False,0.0909,0.3662,2,1,True,True,False
longmemeval-ba61f0b9,longmemeval,long_horizon,A4_temporal_consistency,,False,0.0,0.3906,2,1,True,True,False
longmemeval-42ec0761,longmemeval,long_horizon,A4_temporal_consistency,,False,0.0,0.4244,2,1,True,True,False
longmemeval-5c40ec5b,longmemeval,long_horizon,A4_temporal_consistency,,False,0.0385,0.1853,2,1,True,True,False
longmemeval-c6853660,longmemeval,long_horizon,A4_temporal_consistency,,False,0.0741,0.2774,2,1,True,True,False
longmemeval-26bdc477,longmemeval,long_horizon,A4_temporal_consistency,,False,0.0,0.2354,2,1,True,True,False
longmemeval-0977f2af,longmemeval,long_horizon,A4_temporal_consistency,,False,0.0,0.1733,2,1,True,True,False
longmemeval-6aeb4375_abs,longmemeval,long_horizon,A5_absence_control,,False,0.0,0.2052,2,1,True,True,False
longmemeval-031748ae_abs,longmemeval,long_horizon,A5_absence_control,,False,0.0455,0.257,2,1,True,True,False
longmemeval-2698e78f_abs,longmemeval,long_horizon,A5_absence_control,,False,0.0,0.2529,2,1,True,True,False
longmemeval-2133c1b5_abs,longmemeval,long_horizon,A5_absence_control,,False,0.0,0.4424,2,1,True,True,False
longmemeval-0ddfec37_abs,longmemeval,long_horizon,A5_absence_control,,False,0.037,0.5295,2,1,True,True,False
longmemeval-f685340e_abs,longmemeval,long_horizon,A5_absence_control,,False,0.0,0.3977,2,1,True,True,False
longmemeval-89941a94,longmemeval,long_horizon,A4_temporal_consistency,,False,0.0345,0.4145,2,1,True,True,False
longmemeval-07741c45,longmemeval,long_horizon,A4_temporal_consistency,,False,0.0,0.2845,2,1,True,True,False
longmemeval-8a2466db,longmemeval,working_memory_control,A2_cue_chain,,True,,,0,,,,
longmemeval-06878be2,longmemeval,working_memory_control,A2_cue_chain,,True,,,0,,,,
longmemeval-75832dbd,longmemeval,working_memory_control,A2_cue_chain,,True,,,0,,,,
longmemeval-0edc2aef,longmemeval,working_memory_control,A2_cue_chain,,True,,,0,,,,
longmemeval-35a27287,longmemeval,working_memory_control,A2_cue_chain,,True,,,0,,,,
longmemeval-32260d93,longmemeval,working_memory_control,A2_cue_chain,,True,,,0,,,,
longmemeval-195a1a1b,longmemeval,working_memory_control,A2_cue_chain,,True,,,0,,,,
longmemeval-afdc33df,longmemeval,working_memory_control,A2_cue_chain,,True,,,0,,,,
longmemeval-caf03d32,longmemeval,working_memory_control,A2_cue_chain,,True,,,0,,,,
longmemeval-54026fce,longmemeval,working_memory_control,A2_cue_chain,,True,,,0,,,,
longmemeval-06f04340,longmemeval,working_memory_control,A2_cue_chain,,True,,,0,,,,
longmemeval-6b7dfb22,longmemeval,working_memory_control,A2_cue_chain,,True,,,0,,,,
longmemeval-1a1907b4,longmemeval,working_memory_control,A2_cue_chain,,True,,,0,,,,
longmemeval-09d032c9,longmemeval,working_memory_control,A2_cue_chain,,True,,,0,,,,
longmemeval-38146c39,longmemeval,working_memory_control,A2_cue_chain,,True,,,0,,,,
longmemeval-d24813b1,longmemeval,working_memory_control,A2_cue_chain,,True,,,0,,,,
longmemeval-57f827a0,longmemeval,working_memory_control,A2_cue_chain,,True,,,0,,,,
longmemeval-95228167,longmemeval,working_memory_control,A2_cue_chain,,True,,,0,,,,
longmemeval-505af2f5,longmemeval,working_memory_control,A2_cue_chain,,True,,,0,,,,
longmemeval-75f70248,longmemeval,working_memory_control,A2_cue_chain,,True,,,0,,,,
longmemeval-d6233ab6,longmemeval,working_memory_control,A2_cue_chain,,True,,,0,,,,
longmemeval-1da05512,longmemeval,working_memory_control,A2_cue_chain,,True,,,0,,,,
longmemeval-fca70973,longmemeval,working_memory_control,A2_cue_chain,,True,,,0,,,,
longmemeval-b6025781,longmemeval,working_memory_control,A2_cue_chain,,True,,,0,,,,
longmemeval-a89d7624,longmemeval,working_memory_control,A2_cue_chain,,True,,,0,,,,
longmemeval-b0479f84,longmemeval,working_memory_control,A2_cue_chain,,True,,,0,,,,
longmemeval-1d4e3b97,longmemeval,working_memory_control,A2_cue_chain,,True,,,0,,,,
longmemeval-07b6f563,longmemeval,working_memory_control,A2_cue_chain,,True,,,0,,,,
longmemeval-1c0ddc50,longmemeval,working_memory_control,A2_cue_chain,,True,,,0,,,,
longmemeval-0a34ad58,longmemeval,working_memory_control,A2_cue_chain,,True,,,0,,,,
longmemeval-d3ab962e,longmemeval,long_horizon,A1_relational_binding,,True,,,0,,,,
longmemeval-2311e44b,longmemeval,long_horizon,A1_relational_binding,,True,,,0,,,,
longmemeval-cc06de0d,longmemeval,long_horizon,A1_relational_binding,,True,,,0,,,,
longmemeval-a11281a2,longmemeval,long_horizon,A1_relational_binding,,True,,,0,,,,
longmemeval-4f54b7c9,longmemeval,long_horizon,A1_relational_binding,,True,,,0,,,,
longmemeval-85fa3a3f,longmemeval,long_horizon,A1_relational_binding,,True,,,0,,,,
longmemeval-9aaed6a3,longmemeval,long_horizon,A1_relational_binding,,True,,,0,,,,
longmemeval-1f2b8d4f,longmemeval,long_horizon,A1_relational_binding,,True,,,0,,,,
longmemeval-e6041065,longmemeval,long_horizon,A1_relational_binding,,True,,,0,,,,
longmemeval-51c32626,longmemeval,long_horizon,A1_relational_binding,,True,,,0,,,,
longmemeval-d905b33f,longmemeval,long_horizon,A1_relational_binding,,True,,,0,,,,
longmemeval-7405e8b1,longmemeval,long_horizon,A1_relational_binding,,True,,,0,,,,
longmemeval-f35224e0,longmemeval,long_horizon,A1_relational_binding,,True,,,0,,,,
longmemeval-6456829e,longmemeval,long_horizon,A1_relational_binding,,True,,,0,,,,
longmemeval-a4996e51,longmemeval,long_horizon,A1_relational_binding,,True,,,0,,,,
longmemeval-3c1045c8,longmemeval,long_horizon,A1_relational_binding,,True,,,0,,,,
longmemeval-60036106,longmemeval,long_horizon,A1_relational_binding,,True,,,0,,,,
longmemeval-681a1674,longmemeval,long_horizon,A1_relational_binding,,True,,,0,,,,
longmemeval-e25c3b8d,longmemeval,long_horizon,A1_relational_binding,,True,,,0,,,,
longmemeval-4adc0475,longmemeval,long_horizon,A1_relational_binding,,True,,,0,,,,
longmemeval-4bc144e2,longmemeval,long_horizon,A1_relational_binding,,True,,,0,,,,
longmemeval-ef66a6e5,longmemeval,long_horizon,A1_relational_binding,,True,,,0,,,,
longmemeval-5025383b,longmemeval,long_horizon,A1_relational_binding,,True,,,0,,,,
longmemeval-a1cc6108,longmemeval,long_horizon,A1_relational_binding,,True,,,0,,,,
longmemeval-9ee3ecd6,longmemeval,long_horizon,A1_relational_binding,,True,,,0,,,,
longmemeval-3fdac837,longmemeval,long_horizon,A1_relational_binding,,True,,,0,,,,
longmemeval-91b15a6e,longmemeval,long_horizon,A1_relational_binding,,True,,,0,,,,
longmemeval-27016adc,longmemeval,long_horizon,A1_relational_binding,,True,,,0,,,,
longmemeval-720133ac,longmemeval,long_horizon,A1_relational_binding,,True,,,0,,,,
longmemeval-77eafa52,longmemeval,long_horizon,A1_relational_binding,,True,,,0,,,,
longmemeval-8979f9ec,longmemeval,long_horizon,A1_relational_binding,,True,,,0,,,,
longmemeval-0100672e,longmemeval,long_horizon,A1_relational_binding,,True,,,0,,,,
longmemeval-a96c20ee,longmemeval,long_horizon,A1_relational_binding,,True,,,0,,,,
longmemeval-92a0aa75,longmemeval,long_horizon,A1_relational_binding,,True,,,0,,,,
longmemeval-3fe836c9,longmemeval,long_horizon,A1_relational_binding,,True,,,0,,,,
longmemeval-1c549ce4,longmemeval,long_horizon,A1_relational_binding,,True,,,0,,,,
longmemeval-6c49646a,longmemeval,long_horizon,A1_relational_binding,,True,,,0,,,,
longmemeval-1192316e,longmemeval,long_horizon,A1_relational_binding,,True,,,0,,,,
longmemeval-0ea62687,longmemeval,long_horizon,A1_relational_binding,,True,,,0,,,,
longmemeval-67e0d0f2,longmemeval,long_horizon,A1_relational_binding,,True,,,0,,,,
longmemeval-bb7c3b45,longmemeval,long_horizon,A1_relational_binding,,True,,,0,,,,
longmemeval-ba358f49,longmemeval,long_horizon,A1_relational_binding,,True,,,0,,,,
longmemeval-61f8c8f8,longmemeval,long_horizon,A1_relational_binding,,True,,,0,,,,
longmemeval-60159905,longmemeval,long_horizon,A1_relational_binding,,True,,,0,,,,
longmemeval-ef9cf60a,longmemeval,long_horizon,A1_relational_binding,,True,,,0,,,,
longmemeval-73d42213,longmemeval,long_horizon,A1_relational_binding,,True,,,0,,,,
longmemeval-bc149d6b,longmemeval,long_horizon,A1_relational_binding,,True,,,0,,,,
longmemeval-099778bb,longmemeval,long_horizon,A1_relational_binding,,True,,,0,,,,
longmemeval-09ba9854,longmemeval,long_horizon,A1_relational_binding,,True,,,0,,,,
longmemeval-d6062bb9,longmemeval,long_horizon,A1_relational_binding,,True,,,0,,,,
longmemeval-157a136e,longmemeval,long_horizon,A1_relational_binding,,True,,,0,,,,
longmemeval-c18a7dc8,longmemeval,long_horizon,A1_relational_binding,,True,,,0,,,,
longmemeval-a3332713,longmemeval,long_horizon,A1_relational_binding,,True,,,0,,,,
longmemeval-55241a1f,longmemeval,long_horizon,A1_relational_binding,,True,,,0,,,,
longmemeval-a08a253f,longmemeval,long_horizon,A1_relational_binding,,True,,,0,,,,
longmemeval-f0e564bc,longmemeval,long_horizon,A1_relational_binding,,True,,,0,,,,
longmemeval-078150f1,longmemeval,long_horizon,A1_relational_binding,,True,,,0,,,,
longmemeval-8cf4d046,longmemeval,long_horizon,A1_relational_binding,,True,,,0,,,,
longmemeval-a346bb18,longmemeval,long_horizon,A1_relational_binding,,True,,,0,,,,
longmemeval-37f165cf,longmemeval,long_horizon,A1_relational_binding,,True,,,0,,,,
longmemeval-8e91e7d9,longmemeval,long_horizon,A1_relational_binding,,True,,,0,,,,
longmemeval-87f22b4a,longmemeval,long_horizon,A1_relational_binding,,True,,,0,,,,
longmemeval-e56a43b9,longmemeval,long_horizon,A1_relational_binding,,True,,,0,,,,
longmemeval-efc3f7c2,longmemeval,long_horizon,A1_relational_binding,,True,,,0,,,,
longmemeval-21d02d0d,longmemeval,long_horizon,A1_relational_binding,,True,,,0,,,,
longmemeval-2311e44b_abs,longmemeval,long_horizon,A5_absence_control,,True,,,0,,,,
longmemeval-6456829e_abs,longmemeval,long_horizon,A5_absence_control,,True,,,0,,,,
longmemeval-e5ba910e_abs,longmemeval,long_horizon,A5_absence_control,,True,,,0,,,,
longmemeval-a96c20ee_abs,longmemeval,long_horizon,A5_absence_control,,True,,,0,,,,
longmemeval-ba358f49_abs,longmemeval,long_horizon,A5_absence_control,,True,,,0,,,,
longmemeval-09ba9854_abs,longmemeval,long_horizon,A5_absence_control,,True,,,0,,,,
memarena-bundled_shopping_test.jsonl-0,memoryarena,memory_to_action,,,False,0.0781,0.3153,5,,,,
memarena-bundled_shopping_test.jsonl-1,memoryarena,memory_to_action,,,False,0.0238,0.25,5,,,,
memarena-bundled_shopping_test.jsonl-2,memoryarena,memory_to_action,,,False,0.0382,0.219,5,,,,
memarena-bundled_shopping_test.jsonl-3,memoryarena,memory_to_action,,,False,0.053,0.3083,5,,,,
memarena-bundled_shopping_test.jsonl-4,memoryarena,memory_to_action,,,False,0.0574,0.3073,5,,,,
memarena-bundled_shopping_test.jsonl-5,memoryarena,memory_to_action,,,False,0.0388,0.2669,5,,,,
memarena-bundled_shopping_test.jsonl-6,memoryarena,memory_to_action,,,False,0.0538,0.2579,5,,,,
memarena-bundled_shopping_test.jsonl-7,memoryarena,memory_to_action,,,False,0.0484,0.2481,5,,,,
memarena-bundled_shopping_test.jsonl-8,memoryarena,memory_to_action,,,False,0.0441,0.2394,5,,,,
memarena-bundled_shopping_test.jsonl-9,memoryarena,memory_to_action,,,False,0.0602,0.2993,5,,,,
memarena-bundled_shopping_test.jsonl-10,memoryarena,memory_to_action,,,False,0.072,0.2803,5,,,,
memarena-bundled_shopping_test.jsonl-11,memoryarena,memory_to_action,,,False,0.0547,0.1851,5,,,,
memarena-bundled_shopping_test.jsonl-12,memoryarena,memory_to_action,,,False,0.0292,0.2504,5,,,,
memarena-bundled_shopping_test.jsonl-13,memoryarena,memory_to_action,,,False,0.0769,0.2878,5,,,,
memarena-bundled_shopping_test.jsonl-14,memoryarena,memory_to_action,,,False,0.0609,0.2644,5,,,,
memarena-bundled_shopping_test.jsonl-15,memoryarena,memory_to_action,,,False,0.0615,0.2866,5,,,,
memarena-bundled_shopping_test.jsonl-16,memoryarena,memory_to_action,,,False,0.0376,0.3037,5,,,,
memarena-bundled_shopping_test.jsonl-17,memoryarena,memory_to_action,,,False,0.0576,0.3128,5,,,,
memarena-bundled_shopping_test.jsonl-18,memoryarena,memory_to_action,,,False,0.0385,0.2703,5,,,,
memarena-bundled_shopping_test.jsonl-19,memoryarena,memory_to_action,,,False,0.0574,0.2667,5,,,,
memarena-bundled_shopping_test.jsonl-20,memoryarena,memory_to_action,,,False,0.0476,0.284,5,,,,
memarena-bundled_shopping_test.jsonl-21,memoryarena,memory_to_action,,,False,0.0709,0.2316,5,,,,
memarena-bundled_shopping_test.jsonl-22,memoryarena,memory_to_action,,,False,0.0317,0.261,5,,,,
memarena-bundled_shopping_test.jsonl-23,memoryarena,memory_to_action,,,False,0.0692,0.2714,5,,,,
memarena-bundled_shopping_test.jsonl-24,memoryarena,memory_to_action,,,False,0.0488,0.2802,5,,,,
memarena-bundled_shopping_test.jsonl-25,memoryarena,memory_to_action,,,False,0.0597,0.328,5,,,,
memarena-bundled_shopping_test.jsonl-26,memoryarena,memory_to_action,,,False,0.0741,0.2649,5,,,,
memarena-bundled_shopping_test.jsonl-27,memoryarena,memory_to_action,,,False,0.0769,0.303,5,,,,
memarena-bundled_shopping_test.jsonl-28,memoryarena,memory_to_action,,,False,0.05,0.245,5,,,,
memarena-bundled_shopping_test.jsonl-29,memoryarena,memory_to_action,,,False,0.0462,0.2431,5,,,,
memarena-bundled_shopping_test.jsonl-30,memoryarena,memory_to_action,,,False,0.0567,0.2623,5,,,,
memarena-bundled_shopping_test.jsonl-31,memoryarena,memory_to_action,,,False,0.0423,0.3063,5,,,,
memarena-bundled_shopping_test.jsonl-32,memoryarena,memory_to_action,,,False,0.0331,0.2862,5,,,,
memarena-bundled_shopping_test.jsonl-33,memoryarena,memory_to_action,,,False,0.0473,0.2549,5,,,,
memarena-bundled_shopping_test.jsonl-34,memoryarena,memory_to_action,,,False,0.0365,0.2838,5,,,,
memarena-bundled_shopping_test.jsonl-35,memoryarena,memory_to_action,,,False,0.0441,0.2842,5,,,,
memarena-bundled_shopping_test.jsonl-36,memoryarena,memory_to_action,,,False,0.0616,0.3755,5,,,,
memarena-bundled_shopping_test.jsonl-37,memoryarena,memory_to_action,,,False,0.0473,0.2979,5,,,,
memarena-bundled_shopping_test.jsonl-38,memoryarena,memory_to_action,,,False,0.0294,0.342,5,,,,
memarena-bundled_shopping_test.jsonl-39,memoryarena,memory_to_action,,,False,0.0373,0.2944,5,,,,
memarena-bundled_shopping_test.jsonl-40,memoryarena,memory_to_action,,,False,0.0435,0.2804,5,,,,
memarena-bundled_shopping_test.jsonl-41,memoryarena,memory_to_action,,,False,0.0672,0.3939,5,,,,
memarena-bundled_shopping_test.jsonl-42,memoryarena,memory_to_action,,,False,0.0563,0.309,5,,,,
memarena-bundled_shopping_test.jsonl-43,memoryarena,memory_to_action,,,False,0.0352,0.3103,5,,,,
memarena-bundled_shopping_test.jsonl-44,memoryarena,memory_to_action,,,False,0.0365,0.3014,5,,,,
memarena-bundled_shopping_test.jsonl-45,memoryarena,memory_to_action,,,False,0.0647,0.3447,5,,,,
memarena-bundled_shopping_test.jsonl-46,memoryarena,memory_to_action,,,False,0.0593,0.2796,5,,,,
memarena-bundled_shopping_test.jsonl-47,memoryarena,memory_to_action,,,False,0.0472,0.2788,5,,,,
memarena-bundled_shopping_test.jsonl-48,memoryarena,memory_to_action,,,False,0.0448,0.2938,5,,,,
memarena-bundled_shopping_test.jsonl-49,memoryarena,memory_to_action,,,False,0.0643,0.3325,5,,,,
memarena-bundled_shopping_test.jsonl-50,memoryarena,memory_to_action,,,False,0.042,0.3322,5,,,,
memarena-bundled_shopping_test.jsonl-51,memoryarena,memory_to_action,,,False,0.0441,0.3231,5,,,,
memarena-bundled_shopping_test.jsonl-52,memoryarena,memory_to_action,,,False,0.0261,0.3129,5,,,,
memarena-bundled_shopping_test.jsonl-53,memoryarena,memory_to_action,,,False,0.078,0.3706,5,,,,
memarena-bundled_shopping_test.jsonl-54,memoryarena,memory_to_action,,,False,0.0563,0.2892,5,,,,
memarena-bundled_shopping_test.jsonl-55,memoryarena,memory_to_action,,,False,0.04,0.323,5,,,,
memarena-bundled_shopping_test.jsonl-56,memoryarena,memory_to_action,,,False,0.0294,0.2986,5,,,,
memarena-bundled_shopping_test.jsonl-57,memoryarena,memory_to_action,,,False,0.0411,0.2889,5,,,,
memarena-bundled_shopping_test.jsonl-58,memoryarena,memory_to_action,,,False,0.0217,0.2523,5,,,,
memarena-bundled_shopping_test.jsonl-59,memoryarena,memory_to_action,,,False,0.0483,0.3228,5,,,,
memarena-bundled_shopping_test.jsonl-60,memoryarena,memory_to_action,,,False,0.0163,0.2513,5,,,,
memarena-bundled_shopping_test.jsonl-61,memoryarena,memory_to_action,,,False,0.0492,0.2256,5,,,,
memarena-bundled_shopping_test.jsonl-62,memoryarena,memory_to_action,,,False,0.0076,0.2012,5,,,,
memarena-bundled_shopping_test.jsonl-63,memoryarena,memory_to_action,,,False,0.0315,0.272,5,,,,
memarena-bundled_shopping_test.jsonl-64,memoryarena,memory_to_action,,,False,0.0231,0.2274,5,,,,
memarena-bundled_shopping_test.jsonl-65,memoryarena,memory_to_action,,,False,0.0229,0.2507,5,,,,
memarena-bundled_shopping_test.jsonl-66,memoryarena,memory_to_action,,,False,0.0336,0.2238,5,,,,
memarena-bundled_shopping_test.jsonl-67,memoryarena,memory_to_action,,,False,0.0242,0.236,5,,,,
memarena-bundled_shopping_test.jsonl-68,memoryarena,memory_to_action,,,False,0.0244,0.2296,5,,,,
memarena-bundled_shopping_test.jsonl-69,memoryarena,memory_to_action,,,False,0.0152,0.2456,5,,,,
memarena-bundled_shopping_test.jsonl-70,memoryarena,memory_to_action,,,False,0.0234,0.1892,5,,,,
memarena-bundled_shopping_test.jsonl-71,memoryarena,memory_to_action,,,False,0.0317,0.2523,5,,,,
memarena-bundled_shopping_test.jsonl-72,memoryarena,memory_to_action,,,False,0.0164,0.1938,5,,,,
memarena-bundled_shopping_test.jsonl-73,memoryarena,memory_to_action,,,False,0.0348,0.1729,5,,,,
memarena-bundled_shopping_test.jsonl-74,memoryarena,memory_to_action,,,False,0.0373,0.2539,5,,,,
memarena-bundled_shopping_test.jsonl-75,memoryarena,memory_to_action,,,False,0.0244,0.2344,5,,,,
memarena-bundled_shopping_test.jsonl-76,memoryarena,memory_to_action,,,False,0.0156,0.2116,5,,,,
memarena-bundled_shopping_test.jsonl-77,memoryarena,memory_to_action,,,False,0.0323,0.2102,5,,,,
memarena-bundled_shopping_test.jsonl-78,memoryarena,memory_to_action,,,False,0.0233,0.2661,5,,,,
memarena-bundled_shopping_test.jsonl-79,memoryarena,memory_to_action,,,False,0.0315,0.2535,5,,,,
memarena-bundled_shopping_test.jsonl-80,memoryarena,memory_to_action,,,False,0.0079,0.2198,5,,,,
memarena-bundled_shopping_test.jsonl-81,memoryarena,memory_to_action,,,False,0.0312,0.2163,5,,,,
memarena-bundled_shopping_test.jsonl-82,memoryarena,memory_to_action,,,False,0.0233,0.2525,5,,,,
memarena-bundled_shopping_test.jsonl-83,memoryarena,memory_to_action,,,False,0.032,0.2357,5,,,,
memarena-bundled_shopping_test.jsonl-84,memoryarena,memory_to_action,,,False,0.0413,0.2618,5,,,,
memarena-bundled_shopping_test.jsonl-85,memoryarena,memory_to_action,,,False,0.0308,0.238,5,,,,
memarena-bundled_shopping_test.jsonl-86,memoryarena,memory_to_action,,,False,0.0,0.1921,5,,,,
memarena-bundled_shopping_test.jsonl-87,memoryarena,memory_to_action,,,False,0.0,0.2213,5,,,,
memarena-bundled_shopping_test.jsonl-88,memoryarena,memory_to_action,,,False,0.0407,0.2475,5,,,,
memarena-bundled_shopping_test.jsonl-89,memoryarena,memory_to_action,,,False,0.0323,0.2172,5,,,,
memarena-bundled_shopping_test.jsonl-90,memoryarena,memory_to_action,,,False,0.0458,0.2515,5,,,,
memarena-bundled_shopping_test.jsonl-91,memoryarena,memory_to_action,,,False,0.0282,0.2547,5,,,,
memarena-bundled_shopping_test.jsonl-92,memoryarena,memory_to_action,,,False,0.0493,0.2279,5,,,,
memarena-bundled_shopping_test.jsonl-93,memoryarena,memory_to_action,,,False,0.0207,0.2696,5,,,,
memarena-bundled_shopping_test.jsonl-94,memoryarena,memory_to_action,,,False,0.0205,0.2652,5,,,,
memarena-bundled_shopping_test.jsonl-95,memoryarena,memory_to_action,,,False,0.0265,0.2611,5,,,,
memarena-bundled_shopping_test.jsonl-96,memoryarena,memory_to_action,,,False,0.021,0.2526,5,,,,
memarena-bundled_shopping_test.jsonl-97,memoryarena,memory_to_action,,,False,0.0362,0.2567,5,,,,
memarena-bundled_shopping_test.jsonl-98,memoryarena,memory_to_action,,,False,0.0245,0.3341,5,,,,
memarena-bundled_shopping_test.jsonl-99,memoryarena,memory_to_action,,,False,0.0137,0.2353,5,,,,
memarena-bundled_shopping_test.jsonl-100,memoryarena,memory_to_action,,,False,0.0256,0.3308,5,,,,
memarena-bundled_shopping_test.jsonl-101,memoryarena,memory_to_action,,,False,0.029,0.2503,5,,,,
memarena-bundled_shopping_test.jsonl-102,memoryarena,memory_to_action,,,False,0.05,0.2614,5,,,,
memarena-bundled_shopping_test.jsonl-103,memoryarena,memory_to_action,,,False,0.0139,0.2671,5,,,,
memarena-bundled_shopping_test.jsonl-104,memoryarena,memory_to_action,,,False,0.0205,0.2409,5,,,,
memarena-bundled_shopping_test.jsonl-105,memoryarena,memory_to_action,,,False,0.0282,0.268,5,,,,
memarena-bundled_shopping_test.jsonl-106,memoryarena,memory_to_action,,,False,0.0255,0.2731,5,,,,
memarena-bundled_shopping_test.jsonl-107,memoryarena,memory_to_action,,,False,0.0131,0.2658,5,,,,
memarena-bundled_shopping_test.jsonl-108,memoryarena,memory_to_action,,,False,0.0211,0.2481,5,,,,
memarena-bundled_shopping_test.jsonl-109,memoryarena,memory_to_action,,,False,0.0352,0.2373,5,,,,
memarena-bundled_shopping_test.jsonl-110,memoryarena,memory_to_action,,,False,0.014,0.2489,5,,,,
memarena-bundled_shopping_test.jsonl-111,memoryarena,memory_to_action,,,False,0.0261,0.2485,5,,,,
memarena-bundled_shopping_test.jsonl-112,memoryarena,memory_to_action,,,False,0.035,0.2425,5,,,,
memarena-bundled_shopping_test.jsonl-113,memoryarena,memory_to_action,,,False,0.0347,0.2653,5,,,,
memarena-bundled_shopping_test.jsonl-114,memoryarena,memory_to_action,,,False,0.0208,0.2895,5,,,,
memarena-bundled_shopping_test.jsonl-115,memoryarena,memory_to_action,,,False,0.0204,0.2843,5,,,,
memarena-bundled_shopping_test.jsonl-116,memoryarena,memory_to_action,,,False,0.021,0.282,5,,,,
memarena-bundled_shopping_test.jsonl-117,memoryarena,memory_to_action,,,False,0.034,0.2474,5,,,,
memarena-bundled_shopping_test.jsonl-118,memoryarena,memory_to_action,,,False,0.0284,0.2187,5,,,,
memarena-bundled_shopping_test.jsonl-119,memoryarena,memory_to_action,,,False,0.0197,0.2246,5,,,,
memarena-bundled_shopping_test.jsonl-120,memoryarena,memory_to_action,,,False,0.0068,0.2014,5,,,,
memarena-bundled_shopping_test.jsonl-121,memoryarena,memory_to_action,,,False,0.0282,0.2164,5,,,,
memarena-bundled_shopping_test.jsonl-122,memoryarena,memory_to_action,,,False,0.0144,0.2747,5,,,,
memarena-bundled_shopping_test.jsonl-123,memoryarena,memory_to_action,,,False,0.0069,0.248,5,,,,
memarena-bundled_shopping_test.jsonl-124,memoryarena,memory_to_action,,,False,0.0303,0.2989,5,,,,
memarena-bundled_shopping_test.jsonl-125,memoryarena,memory_to_action,,,False,0.0336,0.2866,5,,,,
memarena-bundled_shopping_test.jsonl-126,memoryarena,memory_to_action,,,False,0.0213,0.2688,5,,,,
memarena-bundled_shopping_test.jsonl-127,memoryarena,memory_to_action,,,False,0.0,0.2434,5,,,,
memarena-bundled_shopping_test.jsonl-128,memoryarena,memory_to_action,,,False,0.0069,0.2208,5,,,,
memarena-bundled_shopping_test.jsonl-129,memoryarena,memory_to_action,,,False,0.0211,0.2557,5,,,,
memarena-bundled_shopping_test.jsonl-130,memoryarena,memory_to_action,,,False,0.0376,0.2088,5,,,,
memarena-bundled_shopping_test.jsonl-131,memoryarena,memory_to_action,,,False,0.0204,0.245,5,,,,
memarena-bundled_shopping_test.jsonl-132,memoryarena,memory_to_action,,,False,0.0213,0.197,5,,,,
memarena-bundled_shopping_test.jsonl-133,memoryarena,memory_to_action,,,False,0.0072,0.1649,5,,,,
memarena-bundled_shopping_test.jsonl-134,memoryarena,memory_to_action,,,False,0.007,0.2114,5,,,,
memarena-bundled_shopping_test.jsonl-135,memoryarena,memory_to_action,,,False,0.0133,0.2595,5,,,,
memarena-bundled_shopping_test.jsonl-136,memoryarena,memory_to_action,,,False,0.0226,0.2326,5,,,,
memarena-bundled_shopping_test.jsonl-137,memoryarena,memory_to_action,,,False,0.0357,0.2215,5,,,,
memarena-bundled_shopping_test.jsonl-138,memoryarena,memory_to_action,,,False,0.0136,0.2547,5,,,,
memarena-bundled_shopping_test.jsonl-139,memoryarena,memory_to_action,,,False,0.0196,0.2184,5,,,,
memarena-bundled_shopping_test.jsonl-140,memoryarena,memory_to_action,,,False,0.029,0.203,5,,,,
memarena-bundled_shopping_test.jsonl-141,memoryarena,memory_to_action,,,False,0.0338,0.2821,5,,,,
memarena-bundled_shopping_test.jsonl-142,memoryarena,memory_to_action,,,False,0.0145,0.2135,5,,,,
memarena-bundled_shopping_test.jsonl-143,memoryarena,memory_to_action,,,False,0.0365,0.2766,5,,,,
memarena-bundled_shopping_test.jsonl-144,memoryarena,memory_to_action,,,False,0.0299,0.2523,5,,,,
memarena-bundled_shopping_test.jsonl-145,memoryarena,memory_to_action,,,False,0.0137,0.2513,5,,,,
memarena-bundled_shopping_test.jsonl-146,memoryarena,memory_to_action,,,False,0.0214,0.2425,5,,,,
memarena-bundled_shopping_test.jsonl-147,memoryarena,memory_to_action,,,False,0.0548,0.2595,5,,,,
memarena-bundled_shopping_test.jsonl-148,memoryarena,memory_to_action,,,False,0.0368,0.2206,5,,,,
memarena-bundled_shopping_test.jsonl-149,memoryarena,memory_to_action,,,False,0.0288,0.2639,5,,,,
memarena-formal_reasoning_phys_test.jsonl-0,memoryarena,memory_to_action,,,False,0.1333,0.6797,5,,,,
memarena-formal_reasoning_phys_test.jsonl-1,memoryarena,memory_to_action,,,False,0.1538,0.3258,23,,,,
memarena-formal_reasoning_phys_test.jsonl-2,memoryarena,memory_to_action,,,False,0.0357,0.4787,15,,,,
memarena-formal_reasoning_phys_test.jsonl-3,memoryarena,memory_to_action,,,False,0.0,0.1699,5,1,True,True,False
memarena-formal_reasoning_phys_test.jsonl-4,memoryarena,memory_to_action,,,False,0.0847,0.6394,7,,,,
memarena-formal_reasoning_phys_test.jsonl-5,memoryarena,memory_to_action,,,False,0.1613,0.2693,5,,,,
memarena-formal_reasoning_phys_test.jsonl-6,memoryarena,memory_to_action,,,False,0.2941,0.684,5,,,,
memarena-formal_reasoning_phys_test.jsonl-7,memoryarena,memory_to_action,,,False,0.1481,0.4666,3,,,,
memarena-formal_reasoning_phys_test.jsonl-8,memoryarena,memory_to_action,,,False,0.0526,0.4595,9,,,,
memarena-formal_reasoning_phys_test.jsonl-9,memoryarena,memory_to_action,,,False,0.1111,0.5879,7,,,,
memarena-formal_reasoning_phys_test.jsonl-10,memoryarena,memory_to_action,,,False,0.0,0.292,7,,,,
memarena-formal_reasoning_phys_test.jsonl-11,memoryarena,memory_to_action,,,False,0.0784,0.6848,5,,,,
memarena-formal_reasoning_phys_test.jsonl-12,memoryarena,memory_to_action,,,False,0.2642,0.6942,7,,,,
memarena-formal_reasoning_phys_test.jsonl-13,memoryarena,memory_to_action,,,False,0.0789,0.5845,17,,,,
memarena-formal_reasoning_phys_test.jsonl-14,memoryarena,memory_to_action,,,False,0.0952,0.6116,5,,,,
memarena-formal_reasoning_phys_test.jsonl-15,memoryarena,memory_to_action,,,False,0.0,0.0245,5,,,,
memarena-formal_reasoning_phys_test.jsonl-16,memoryarena,memory_to_action,,,False,0.2857,0.6271,3,,,,
memarena-formal_reasoning_phys_test.jsonl-17,memoryarena,memory_to_action,,,False,0.0889,0.5001,7,,,,
memarena-formal_reasoning_phys_test.jsonl-18,memoryarena,memory_to_action,,,False,0.0556,0.5842,7,,,,
memarena-formal_reasoning_phys_test.jsonl-19,memoryarena,memory_to_action,,,False,0.3333,0.561,5,1,True,True,False
memarena-group_travel_planner_test.jsonl-0,memoryarena,memory_to_action,,,False,0.0385,0.192,7,,,,
memarena-group_travel_planner_test.jsonl-1,memoryarena,memory_to_action,,,False,0.0392,0.1925,6,,,,
memarena-group_travel_planner_test.jsonl-2,memoryarena,memory_to_action,,,False,0.042,0.2669,7,,,,
memarena-group_travel_planner_test.jsonl-3,memoryarena,memory_to_action,,,False,0.0439,0.2225,7,,,,
memarena-group_travel_planner_test.jsonl-4,memoryarena,memory_to_action,,,False,0.0435,0.3256,5,,,,
memarena-group_travel_planner_test.jsonl-5,memoryarena,memory_to_action,,,False,0.0316,0.2624,5,,,,
memarena-group_travel_planner_test.jsonl-6,memoryarena,memory_to_action,,,False,0.0458,0.2231,5,,,,
memarena-group_travel_planner_test.jsonl-7,memoryarena,memory_to_action,,,False,0.0321,0.3068,4,,,,
memarena-group_travel_planner_test.jsonl-8,memoryarena,memory_to_action,,,False,0.0331,0.2684,4,,,,
memarena-group_travel_planner_test.jsonl-9,memoryarena,memory_to_action,,,False,0.0291,0.2559,5,,,,
memarena-group_travel_planner_test.jsonl-10,memoryarena,memory_to_action,,,False,0.0419,0.2447,7,,,,
memarena-group_travel_planner_test.jsonl-11,memoryarena,memory_to_action,,,False,0.0215,0.2405,7,,,,
memarena-group_travel_planner_test.jsonl-12,memoryarena,memory_to_action,,,False,0.0421,0.2149,5,,,,
memarena-group_travel_planner_test.jsonl-13,memoryarena,memory_to_action,,,False,0.0286,0.3174,6,,,,
memarena-group_travel_planner_test.jsonl-14,memoryarena,memory_to_action,,,False,0.0498,0.2401,7,,,,
memarena-group_travel_planner_test.jsonl-15,memoryarena,memory_to_action,,,False,0.0213,0.2005,6,,,,
memarena-group_travel_planner_test.jsonl-16,memoryarena,memory_to_action,,,False,0.045,0.3787,4,,,,
memarena-group_travel_planner_test.jsonl-17,memoryarena,memory_to_action,,,False,0.0273,0.2339,7,,,,
memarena-group_travel_planner_test.jsonl-18,memoryarena,memory_to_action,,,False,0.0463,0.2595,5,,,,
memarena-group_travel_planner_test.jsonl-19,memoryarena,memory_to_action,,,False,0.0225,0.1879,6,,,,
memarena-group_travel_planner_test.jsonl-20,memoryarena,memory_to_action,,,False,0.0289,0.2466,5,,,,
memarena-group_travel_planner_test.jsonl-21,memoryarena,memory_to_action,,,False,0.0368,0.2678,7,,,,
memarena-group_travel_planner_test.jsonl-22,memoryarena,memory_to_action,,,False,0.0298,0.2247,6,,,,
memarena-group_travel_planner_test.jsonl-23,memoryarena,memory_to_action,,,False,0.05,0.205,5,,,,
memarena-group_travel_planner_test.jsonl-24,memoryarena,memory_to_action,,,False,0.0355,0.212,6,,,,
memarena-group_travel_planner_test.jsonl-25,memoryarena,memory_to_action,,,False,0.0443,0.2953,6,,,,
memarena-group_travel_planner_test.jsonl-26,memoryarena,memory_to_action,,,False,0.0472,0.2241,5,,,,
memarena-group_travel_planner_test.jsonl-27,memoryarena,memory_to_action,,,False,0.0291,0.2152,7,,,,
memarena-group_travel_planner_test.jsonl-28,memoryarena,memory_to_action,,,False,0.0457,0.2485,7,,,,
memarena-group_travel_planner_test.jsonl-29,memoryarena,memory_to_action,,,False,0.0591,0.326,4,,,,
memarena-group_travel_planner_test.jsonl-30,memoryarena,memory_to_action,,,False,0.0278,0.2649,6,,,,
memarena-group_travel_planner_test.jsonl-31,memoryarena,memory_to_action,,,False,0.037,0.2445,7,,,,
memarena-group_travel_planner_test.jsonl-32,memoryarena,memory_to_action,,,False,0.0172,0.2216,7,,,,
memarena-group_travel_planner_test.jsonl-33,memoryarena,memory_to_action,,,False,0.0566,0.2853,4,,,,
memarena-group_travel_planner_test.jsonl-34,memoryarena,memory_to_action,,,False,0.0259,0.3242,5,,,,
memarena-group_travel_planner_test.jsonl-35,memoryarena,memory_to_action,,,False,0.0473,0.2528,6,,,,
memarena-group_travel_planner_test.jsonl-36,memoryarena,memory_to_action,,,False,0.0329,0.2631,5,,,,
memarena-group_travel_planner_test.jsonl-37,memoryarena,memory_to_action,,,False,0.0359,0.2609,6,,,,
memarena-group_travel_planner_test.jsonl-38,memoryarena,memory_to_action,,,False,0.0473,0.3781,6,,,,
memarena-group_travel_planner_test.jsonl-39,memoryarena,memory_to_action,,,False,0.0492,0.2843,4,,,,
memarena-group_travel_planner_test.jsonl-40,memoryarena,memory_to_action,,,False,0.0228,0.2376,7,,,,
memarena-group_travel_planner_test.jsonl-41,memoryarena,memory_to_action,,,False,0.0269,0.2769,7,,,,
memarena-group_travel_planner_test.jsonl-42,memoryarena,memory_to_action,,,False,0.0492,0.1722,4,,,,
memarena-group_travel_planner_test.jsonl-43,memoryarena,memory_to_action,,,False,0.0518,0.2909,5,,,,
memarena-group_travel_planner_test.jsonl-44,memoryarena,memory_to_action,,,False,0.0585,0.3083,6,,,,
memarena-group_travel_planner_test.jsonl-45,memoryarena,memory_to_action,,,False,0.0234,0.174,7,,,,
memarena-group_travel_planner_test.jsonl-46,memoryarena,memory_to_action,,,False,0.0163,0.239,7,,,,
memarena-group_travel_planner_test.jsonl-47,memoryarena,memory_to_action,,,False,0.0407,0.2324,7,,,,
memarena-group_travel_planner_test.jsonl-48,memoryarena,memory_to_action,,,False,0.0442,0.2061,7,,,,
memarena-group_travel_planner_test.jsonl-49,memoryarena,memory_to_action,,,False,0.036,0.3054,4,,,,
memarena-group_travel_planner_test.jsonl-50,memoryarena,memory_to_action,,,False,0.0366,0.2498,6,,,,
memarena-group_travel_planner_test.jsonl-51,memoryarena,memory_to_action,,,False,0.037,0.2471,6,,,,
memarena-group_travel_planner_test.jsonl-52,memoryarena,memory_to_action,,,False,0.037,0.3702,5,,,,
memarena-group_travel_planner_test.jsonl-53,memoryarena,memory_to_action,,,False,0.0252,0.2131,4,,,,
memarena-group_travel_planner_test.jsonl-54,memoryarena,memory_to_action,,,False,0.0566,0.2469,4,,,,
memarena-group_travel_planner_test.jsonl-55,memoryarena,memory_to_action,,,False,0.0488,0.2555,4,,,,
memarena-group_travel_planner_test.jsonl-56,memoryarena,memory_to_action,,,False,0.0198,0.2551,6,,,,
memarena-group_travel_planner_test.jsonl-57,memoryarena,memory_to_action,,,False,0.0415,0.2159,4,,,,
memarena-group_travel_planner_test.jsonl-58,memoryarena,memory_to_action,,,False,0.0455,0.2726,6,,,,
memarena-group_travel_planner_test.jsonl-59,memoryarena,memory_to_action,,,False,0.0293,0.2539,6,,,,
memarena-group_travel_planner_test.jsonl-60,memoryarena,memory_to_action,,,False,0.0351,0.2587,7,,,,
memarena-group_travel_planner_test.jsonl-61,memoryarena,memory_to_action,,,False,0.0396,0.3533,4,,,,
memarena-group_travel_planner_test.jsonl-62,memoryarena,memory_to_action,,,False,0.0179,0.1889,7,,,,
memarena-group_travel_planner_test.jsonl-63,memoryarena,memory_to_action,,,False,0.0316,0.2367,6,,,,
memarena-group_travel_planner_test.jsonl-64,memoryarena,memory_to_action,,,False,0.0103,0.247,7,,,,
memarena-group_travel_planner_test.jsonl-65,memoryarena,memory_to_action,,,False,0.0421,0.2626,7,,,,
memarena-group_travel_planner_test.jsonl-66,memoryarena,memory_to_action,,,False,0.0539,0.2702,6,,,,
memarena-group_travel_planner_test.jsonl-67,memoryarena,memory_to_action,,,False,0.0208,0.1792,4,,,,
memarena-group_travel_planner_test.jsonl-68,memoryarena,memory_to_action,,,False,0.0424,0.1363,6,,,,
memarena-group_travel_planner_test.jsonl-69,memoryarena,memory_to_action,,,False,0.0214,0.2114,6,,,,
memarena-group_travel_planner_test.jsonl-70,memoryarena,memory_to_action,,,False,0.0409,0.2963,6,,,,
memarena-group_travel_planner_test.jsonl-71,memoryarena,memory_to_action,,,False,0.048,0.2213,6,,,,
memarena-group_travel_planner_test.jsonl-72,memoryarena,memory_to_action,,,False,0.0541,0.2064,5,,,,
memarena-group_travel_planner_test.jsonl-73,memoryarena,memory_to_action,,,False,0.0398,0.2348,5,,,,
memarena-group_travel_planner_test.jsonl-74,memoryarena,memory_to_action,,,False,0.0359,0.269,7,,,,
memarena-group_travel_planner_test.jsonl-75,memoryarena,memory_to_action,,,False,0.0373,0.2308,5,,,,
memarena-group_travel_planner_test.jsonl-76,memoryarena,memory_to_action,,,False,0.05,0.3452,7,,,,
memarena-group_travel_planner_test.jsonl-77,memoryarena,memory_to_action,,,False,0.0391,0.1942,5,,,,
memarena-group_travel_planner_test.jsonl-78,memoryarena,memory_to_action,,,False,0.0485,0.2685,6,,,,
memarena-group_travel_planner_test.jsonl-79,memoryarena,memory_to_action,,,False,0.042,0.3095,7,,,,
memarena-group_travel_planner_test.jsonl-80,memoryarena,memory_to_action,,,False,0.0492,0.2816,7,,,,
memarena-group_travel_planner_test.jsonl-81,memoryarena,memory_to_action,,,False,0.039,0.2865,6,,,,
memarena-group_travel_planner_test.jsonl-82,memoryarena,memory_to_action,,,False,0.0299,0.3026,6,,,,
memarena-group_travel_planner_test.jsonl-83,memoryarena,memory_to_action,,,False,0.0364,0.3379,7,,,,
memarena-group_travel_planner_test.jsonl-84,memoryarena,memory_to_action,,,False,0.0493,0.2231,6,,,,
memarena-group_travel_planner_test.jsonl-85,memoryarena,memory_to_action,,,False,0.032,0.2296,6,,,,
memarena-group_travel_planner_test.jsonl-86,memoryarena,memory_to_action,,,False,0.0284,0.2828,6,,,,
memarena-group_travel_planner_test.jsonl-87,memoryarena,memory_to_action,,,False,0.0509,0.1867,4,,,,
memarena-group_travel_planner_test.jsonl-88,memoryarena,memory_to_action,,,False,0.0457,0.3228,6,,,,
memarena-group_travel_planner_test.jsonl-89,memoryarena,memory_to_action,,,False,0.0388,0.3009,7,,,,
memarena-group_travel_planner_test.jsonl-90,memoryarena,memory_to_action,,,False,0.027,0.1631,4,,,,
memarena-group_travel_planner_test.jsonl-91,memoryarena,memory_to_action,,,False,0.0185,0.1803,7,,,,
memarena-group_travel_planner_test.jsonl-92,memoryarena,memory_to_action,,,False,0.0336,0.2259,6,,,,
memarena-group_travel_planner_test.jsonl-93,memoryarena,memory_to_action,,,False,0.0438,0.2205,6,,,,
memarena-group_travel_planner_test.jsonl-94,memoryarena,memory_to_action,,,False,0.028,0.2829,7,,,,
memarena-group_travel_planner_test.jsonl-95,memoryarena,memory_to_action,,,False,0.0383,0.2403,6,,,,
memarena-group_travel_planner_test.jsonl-96,memoryarena,memory_to_action,,,False,0.0581,0.3012,5,,,,
memarena-group_travel_planner_test.jsonl-97,memoryarena,memory_to_action,,,False,0.0663,0.3273,7,,,,
memarena-group_travel_planner_test.jsonl-98,memoryarena,memory_to_action,,,False,0.0331,0.2599,5,,,,
memarena-group_travel_planner_test.jsonl-99,memoryarena,memory_to_action,,,False,0.0377,0.2134,6,,,,
memarena-group_travel_planner_test.jsonl-100,memoryarena,memory_to_action,,,False,0.0325,0.2704,6,,,,
memarena-group_travel_planner_test.jsonl-101,memoryarena,memory_to_action,,,False,0.0279,0.2269,6,,,,
memarena-group_travel_planner_test.jsonl-102,memoryarena,memory_to_action,,,False,0.0283,0.2229,7,,,,
memarena-group_travel_planner_test.jsonl-103,memoryarena,memory_to_action,,,False,0.0502,0.2986,6,,,,
memarena-group_travel_planner_test.jsonl-104,memoryarena,memory_to_action,,,False,0.0516,0.2616,5,,,,
memarena-group_travel_planner_test.jsonl-105,memoryarena,memory_to_action,,,False,0.0265,0.2152,7,,,,
memarena-group_travel_planner_test.jsonl-106,memoryarena,memory_to_action,,,False,0.031,0.3648,7,,,,
memarena-group_travel_planner_test.jsonl-107,memoryarena,memory_to_action,,,False,0.0451,0.2732,7,,,,
memarena-group_travel_planner_test.jsonl-108,memoryarena,memory_to_action,,,False,0.02,0.2236,7,,,,
memarena-group_travel_planner_test.jsonl-109,memoryarena,memory_to_action,,,False,0.0196,0.2553,5,,,,
memarena-group_travel_planner_test.jsonl-110,memoryarena,memory_to_action,,,False,0.0352,0.2755,5,,,,
memarena-group_travel_planner_test.jsonl-111,memoryarena,memory_to_action,,,False,0.051,0.2879,7,,,,
memarena-group_travel_planner_test.jsonl-112,memoryarena,memory_to_action,,,False,0.0312,0.2742,7,,,,
memarena-group_travel_planner_test.jsonl-113,memoryarena,memory_to_action,,,False,0.0229,0.1273,6,,,,
memarena-group_travel_planner_test.jsonl-114,memoryarena,memory_to_action,,,False,0.0476,0.2214,6,,,,
memarena-group_travel_planner_test.jsonl-115,memoryarena,memory_to_action,,,False,0.037,0.2662,4,,,,
memarena-group_travel_planner_test.jsonl-116,memoryarena,memory_to_action,,,False,0.0676,0.2555,4,,,,
memarena-group_travel_planner_test.jsonl-117,memoryarena,memory_to_action,,,False,0.0579,0.2028,4,,,,
memarena-group_travel_planner_test.jsonl-118,memoryarena,memory_to_action,,,False,0.0298,0.291,7,,,,
memarena-group_travel_planner_test.jsonl-119,memoryarena,memory_to_action,,,False,0.0433,0.2757,6,,,,
memarena-group_travel_planner_test.jsonl-120,memoryarena,memory_to_action,,,False,0.032,0.2487,5,,,,
memarena-group_travel_planner_test.jsonl-121,memoryarena,memory_to_action,,,False,0.0424,0.3212,4,,,,
memarena-group_travel_planner_test.jsonl-122,memoryarena,memory_to_action,,,False,0.073,0.2895,6,,,,
memarena-group_travel_planner_test.jsonl-123,memoryarena,memory_to_action,,,False,0.0217,0.3064,6,,,,
memarena-group_travel_planner_test.jsonl-124,memoryarena,memory_to_action,,,False,0.0248,0.2523,7,,,,
memarena-group_travel_planner_test.jsonl-125,memoryarena,memory_to_action,,,False,0.0329,0.2722,6,,,,
memarena-group_travel_planner_test.jsonl-126,memoryarena,memory_to_action,,,False,0.0347,0.2771,6,,,,
memarena-group_travel_planner_test.jsonl-127,memoryarena,memory_to_action,,,False,0.0549,0.271,6,,,,
memarena-group_travel_planner_test.jsonl-128,memoryarena,memory_to_action,,,False,0.0449,0.3339,7,,,,
memarena-group_travel_planner_test.jsonl-129,memoryarena,memory_to_action,,,False,0.0297,0.2598,7,,,,
memarena-group_travel_planner_test.jsonl-130,memoryarena,memory_to_action,,,False,0.049,0.2727,5,,,,
memarena-group_travel_planner_test.jsonl-131,memoryarena,memory_to_action,,,False,0.0394,0.2617,4,,,,
memarena-group_travel_planner_test.jsonl-132,memoryarena,memory_to_action,,,False,0.0508,0.1946,7,,,,
memarena-group_travel_planner_test.jsonl-133,memoryarena,memory_to_action,,,False,0.0393,0.3368,6,,,,
memarena-group_travel_planner_test.jsonl-134,memoryarena,memory_to_action,,,False,0.0435,0.3126,7,,,,
memarena-group_travel_planner_test.jsonl-135,memoryarena,memory_to_action,,,False,0.0381,0.2168,7,,,,
memarena-group_travel_planner_test.jsonl-136,memoryarena,memory_to_action,,,False,0.0185,0.3463,7,,,,
memarena-group_travel_planner_test.jsonl-137,memoryarena,memory_to_action,,,False,0.032,0.2762,6,,,,
memarena-group_travel_planner_test.jsonl-138,memoryarena,memory_to_action,,,False,0.0278,0.2187,5,,,,
memarena-group_travel_planner_test.jsonl-139,memoryarena,memory_to_action,,,False,0.0403,0.2853,7,,,,
memarena-group_travel_planner_test.jsonl-140,memoryarena,memory_to_action,,,False,0.0615,0.2669,5,,,,
memarena-group_travel_planner_test.jsonl-141,memoryarena,memory_to_action,,,False,0.025,0.2451,4,,,,
memarena-group_travel_planner_test.jsonl-142,memoryarena,memory_to_action,,,False,0.052,0.3093,7,,,,
memarena-group_travel_planner_test.jsonl-143,memoryarena,memory_to_action,,,False,0.0539,0.2544,7,,,,
memarena-group_travel_planner_test.jsonl-144,memoryarena,memory_to_action,,,False,0.0342,0.2373,7,,,,
memarena-group_travel_planner_test.jsonl-145,memoryarena,memory_to_action,,,False,0.0318,0.2664,4,,,,
memarena-group_travel_planner_test.jsonl-146,memoryarena,memory_to_action,,,False,0.0206,0.2177,5,,,,
memarena-group_travel_planner_test.jsonl-147,memoryarena,memory_to_action,,,False,0.0275,0.214,6,,,,
memarena-group_travel_planner_test.jsonl-148,memoryarena,memory_to_action,,,False,0.0357,0.28,5,,,,
memarena-group_travel_planner_test.jsonl-149,memoryarena,memory_to_action,,,False,0.0541,0.261,5,,,,
memarena-group_travel_planner_test.jsonl-150,memoryarena,memory_to_action,,,False,0.0426,0.1962,5,,,,
memarena-group_travel_planner_test.jsonl-151,memoryarena,memory_to_action,,,False,0.0112,0.2794,4,,,,
memarena-group_travel_planner_test.jsonl-152,memoryarena,memory_to_action,,,False,0.03,0.1696,7,,,,
memarena-group_travel_planner_test.jsonl-153,memoryarena,memory_to_action,,,False,0.0208,0.25,7,,,,
memarena-group_travel_planner_test.jsonl-154,memoryarena,memory_to_action,,,False,0.0404,0.2858,7,,,,
memarena-group_travel_planner_test.jsonl-155,memoryarena,memory_to_action,,,False,0.0417,0.259,7,,,,
memarena-group_travel_planner_test.jsonl-156,memoryarena,memory_to_action,,,False,0.0561,0.3032,7,,,,
memarena-group_travel_planner_test.jsonl-157,memoryarena,memory_to_action,,,False,0.0133,0.1785,4,,,,
memarena-group_travel_planner_test.jsonl-158,memoryarena,memory_to_action,,,False,0.04,0.1659,7,,,,
memarena-group_travel_planner_test.jsonl-159,memoryarena,memory_to_action,,,False,0.0466,0.2633,7,,,,
memarena-group_travel_planner_test.jsonl-160,memoryarena,memory_to_action,,,False,0.0617,0.2962,6,,,,
memarena-group_travel_planner_test.jsonl-161,memoryarena,memory_to_action,,,False,0.0513,0.232,6,,,,
memarena-group_travel_planner_test.jsonl-162,memoryarena,memory_to_action,,,False,0.0187,0.249,6,,,,
memarena-group_travel_planner_test.jsonl-163,memoryarena,memory_to_action,,,False,0.0189,0.3004,5,,,,
memarena-group_travel_planner_test.jsonl-164,memoryarena,memory_to_action,,,False,0.0505,0.3032,6,,,,
memarena-group_travel_planner_test.jsonl-165,memoryarena,memory_to_action,,,False,0.0397,0.2399,6,,,,
memarena-group_travel_planner_test.jsonl-166,memoryarena,memory_to_action,,,False,0.0536,0.3219,6,,,,
memarena-group_travel_planner_test.jsonl-167,memoryarena,memory_to_action,,,False,0.05,0.2542,7,,,,
memarena-group_travel_planner_test.jsonl-168,memoryarena,memory_to_action,,,False,0.0367,0.2295,7,,,,
memarena-group_travel_planner_test.jsonl-169,memoryarena,memory_to_action,,,False,0.05,0.3046,6,,,,
memarena-group_travel_planner_test.jsonl-170,memoryarena,memory_to_action,,,False,0.0338,0.2572,6,,,,
memarena-group_travel_planner_test.jsonl-171,memoryarena,memory_to_action,,,False,0.0429,0.2556,5,,,,
memarena-group_travel_planner_test.jsonl-172,memoryarena,memory_to_action,,,False,0.0556,0.2485,4,,,,
memarena-group_travel_planner_test.jsonl-173,memoryarena,memory_to_action,,,False,0.0258,0.3752,7,,,,
memarena-group_travel_planner_test.jsonl-174,memoryarena,memory_to_action,,,False,0.0324,0.2585,6,,,,
memarena-group_travel_planner_test.jsonl-175,memoryarena,memory_to_action,,,False,0.0407,0.2435,7,,,,
memarena-group_travel_planner_test.jsonl-176,memoryarena,memory_to_action,,,False,0.0452,0.2599,6,,,,
memarena-group_travel_planner_test.jsonl-177,memoryarena,memory_to_action,,,False,0.0374,0.1661,5,,,,
memarena-group_travel_planner_test.jsonl-178,memoryarena,memory_to_action,,,False,0.0361,0.3124,4,,,,
memarena-group_travel_planner_test.jsonl-179,memoryarena,memory_to_action,,,False,0.0648,0.2812,7,,,,
memarena-group_travel_planner_test.jsonl-180,memoryarena,memory_to_action,,,False,0.0206,0.1891,6,,,,
memarena-group_travel_planner_test.jsonl-181,memoryarena,memory_to_action,,,False,0.0177,0.2095,6,,,,
memarena-group_travel_planner_test.jsonl-182,memoryarena,memory_to_action,,,False,0.0441,0.2464,7,,,,
memarena-group_travel_planner_test.jsonl-183,memoryarena,memory_to_action,,,False,0.0488,0.2289,7,,,,
memarena-group_travel_planner_test.jsonl-184,memoryarena,memory_to_action,,,False,0.0576,0.3405,6,,,,
memarena-group_travel_planner_test.jsonl-185,memoryarena,memory_to_action,,,False,0.0622,0.2687,7,,,,
memarena-group_travel_planner_test.jsonl-186,memoryarena,memory_to_action,,,False,0.038,0.2289,5,,,,
memarena-group_travel_planner_test.jsonl-187,memoryarena,memory_to_action,,,False,0.0446,0.3035,4,,,,
memarena-group_travel_planner_test.jsonl-188,memoryarena,memory_to_action,,,False,0.0347,0.2337,6,,,,
memarena-group_travel_planner_test.jsonl-189,memoryarena,memory_to_action,,,False,0.0181,0.2123,7,,,,
memarena-group_travel_planner_test.jsonl-190,memoryarena,memory_to_action,,,False,0.0378,0.2425,6,,,,
memarena-group_travel_planner_test.jsonl-191,memoryarena,memory_to_action,,,False,0.018,0.3236,5,,,,
memarena-group_travel_planner_test.jsonl-192,memoryarena,memory_to_action,,,False,0.0396,0.1977,7,,,,
memarena-group_travel_planner_test.jsonl-193,memoryarena,memory_to_action,,,False,0.05,0.2663,7,,,,
memarena-group_travel_planner_test.jsonl-194,memoryarena,memory_to_action,,,False,0.0491,0.2483,6,,,,
memarena-group_travel_planner_test.jsonl-195,memoryarena,memory_to_action,,,False,0.0374,0.2313,5,,,,
memarena-group_travel_planner_test.jsonl-196,memoryarena,memory_to_action,,,False,0.0579,0.3752,6,,,,
memarena-group_travel_planner_test.jsonl-197,memoryarena,memory_to_action,,,False,0.0168,0.3492,6,,,,
memarena-group_travel_planner_test.jsonl-198,memoryarena,memory_to_action,,,False,0.0328,0.2798,7,,,,
memarena-group_travel_planner_test.jsonl-199,memoryarena,memory_to_action,,,False,0.0259,0.2663,6,,,,
memarena-group_travel_planner_test.jsonl-200,memoryarena,memory_to_action,,,False,0.0415,0.2922,7,,,,
memarena-group_travel_planner_test.jsonl-201,memoryarena,memory_to_action,,,False,0.0511,0.2912,5,,,,
memarena-group_travel_planner_test.jsonl-202,memoryarena,memory_to_action,,,False,0.0238,0.2314,7,,,,
memarena-group_travel_planner_test.jsonl-203,memoryarena,memory_to_action,,,False,0.0497,0.1914,7,,,,
memarena-group_travel_planner_test.jsonl-204,memoryarena,memory_to_action,,,False,0.0398,0.2388,4,,,,
memarena-group_travel_planner_test.jsonl-205,memoryarena,memory_to_action,,,False,0.0388,0.2447,7,,,,
memarena-group_travel_planner_test.jsonl-206,memoryarena,memory_to_action,,,False,0.0397,0.2502,6,,,,
memarena-group_travel_planner_test.jsonl-207,memoryarena,memory_to_action,,,False,0.0529,0.2705,4,,,,
memarena-group_travel_planner_test.jsonl-208,memoryarena,memory_to_action,,,False,0.0521,0.2552,4,,,,
memarena-group_travel_planner_test.jsonl-209,memoryarena,memory_to_action,,,False,0.0435,0.3225,7,,,,
memarena-group_travel_planner_test.jsonl-210,memoryarena,memory_to_action,,,False,0.0397,0.2997,6,,,,
memarena-group_travel_planner_test.jsonl-211,memoryarena,memory_to_action,,,False,0.0367,0.3057,4,,,,
memarena-group_travel_planner_test.jsonl-212,memoryarena,memory_to_action,,,False,0.0379,0.3164,6,,,,
memarena-group_travel_planner_test.jsonl-213,memoryarena,memory_to_action,,,False,0.049,0.2506,7,,,,
memarena-group_travel_planner_test.jsonl-214,memoryarena,memory_to_action,,,False,0.0336,0.2928,7,,,,
memarena-group_travel_planner_test.jsonl-215,memoryarena,memory_to_action,,,False,0.0517,0.2676,6,,,,
memarena-group_travel_planner_test.jsonl-216,memoryarena,memory_to_action,,,False,0.0352,0.2584,6,,,,
memarena-group_travel_planner_test.jsonl-217,memoryarena,memory_to_action,,,False,0.0465,0.2643,7,,,,
memarena-group_travel_planner_test.jsonl-218,memoryarena,memory_to_action,,,False,0.0405,0.3718,4,,,,
memarena-group_travel_planner_test.jsonl-219,memoryarena,memory_to_action,,,False,0.0407,0.2801,5,,,,
memarena-group_travel_planner_test.jsonl-220,memoryarena,memory_to_action,,,False,0.0345,0.2868,6,,,,
memarena-group_travel_planner_test.jsonl-221,memoryarena,memory_to_action,,,False,0.0299,0.2529,6,,,,
memarena-group_travel_planner_test.jsonl-222,memoryarena,memory_to_action,,,False,0.0369,0.1757,4,,,,
memarena-group_travel_planner_test.jsonl-223,memoryarena,memory_to_action,,,False,0.0569,0.3207,7,,,,
memarena-group_travel_planner_test.jsonl-224,memoryarena,memory_to_action,,,False,0.0618,0.2387,4,,,,
memarena-group_travel_planner_test.jsonl-225,memoryarena,memory_to_action,,,False,0.0364,0.2044,5,,,,
memarena-group_travel_planner_test.jsonl-226,memoryarena,memory_to_action,,,False,0.0336,0.2965,7,,,,
memarena-group_travel_planner_test.jsonl-227,memoryarena,memory_to_action,,,False,0.0303,0.2235,6,,,,
memarena-group_travel_planner_test.jsonl-228,memoryarena,memory_to_action,,,False,0.0504,0.2094,7,,,,
memarena-group_travel_planner_test.jsonl-229,memoryarena,memory_to_action,,,False,0.0526,0.3226,7,,,,
memarena-group_travel_planner_test.jsonl-230,memoryarena,memory_to_action,,,False,0.0497,0.2407,7,,,,
memarena-group_travel_planner_test.jsonl-231,memoryarena,memory_to_action,,,False,0.0373,0.2526,7,,,,
memarena-group_travel_planner_test.jsonl-232,memoryarena,memory_to_action,,,False,0.0294,0.3237,6,,,,
memarena-group_travel_planner_test.jsonl-233,memoryarena,memory_to_action,,,False,0.0286,0.2146,6,,,,
memarena-group_travel_planner_test.jsonl-234,memoryarena,memory_to_action,,,False,0.0584,0.2432,5,,,,
memarena-group_travel_planner_test.jsonl-235,memoryarena,memory_to_action,,,False,0.0511,0.274,7,,,,
memarena-group_travel_planner_test.jsonl-236,memoryarena,memory_to_action,,,False,0.0328,0.2328,7,,,,
memarena-group_travel_planner_test.jsonl-237,memoryarena,memory_to_action,,,False,0.0367,0.2288,6,,,,
memarena-group_travel_planner_test.jsonl-238,memoryarena,memory_to_action,,,False,0.0493,0.3151,7,,,,
memarena-group_travel_planner_test.jsonl-239,memoryarena,memory_to_action,,,False,0.0354,0.24,7,,,,
memarena-group_travel_planner_test.jsonl-240,memoryarena,memory_to_action,,,False,0.0189,0.2382,7,,,,
memarena-group_travel_planner_test.jsonl-241,memoryarena,memory_to_action,,,False,0.048,0.3677,7,,,,
memarena-group_travel_planner_test.jsonl-242,memoryarena,memory_to_action,,,False,0.0268,0.345,7,,,,
memarena-group_travel_planner_test.jsonl-243,memoryarena,memory_to_action,,,False,0.051,0.2265,5,,,,
memarena-group_travel_planner_test.jsonl-244,memoryarena,memory_to_action,,,False,0.0206,0.2775,7,,,,
memarena-group_travel_planner_test.jsonl-245,memoryarena,memory_to_action,,,False,0.0276,0.2471,5,,,,
memarena-group_travel_planner_test.jsonl-246,memoryarena,memory_to_action,,,False,0.0512,0.2563,6,,,,
memarena-group_travel_planner_test.jsonl-247,memoryarena,memory_to_action,,,False,0.0247,0.2238,6,,,,
memarena-group_travel_planner_test.jsonl-248,memoryarena,memory_to_action,,,False,0.0497,0.1876,7,,,,
memarena-group_travel_planner_test.jsonl-249,memoryarena,memory_to_action,,,False,0.0435,0.2175,4,,,,
memarena-group_travel_planner_test.jsonl-250,memoryarena,memory_to_action,,,False,0.0413,0.3107,4,,,,
memarena-group_travel_planner_test.jsonl-251,memoryarena,memory_to_action,,,False,0.0448,0.2431,5,,,,
memarena-group_travel_planner_test.jsonl-252,memoryarena,memory_to_action,,,False,0.0302,0.1579,7,,,,
memarena-group_travel_planner_test.jsonl-253,memoryarena,memory_to_action,,,False,0.0402,0.2466,6,,,,
memarena-group_travel_planner_test.jsonl-254,memoryarena,memory_to_action,,,False,0.0408,0.2659,6,,,,
memarena-group_travel_planner_test.jsonl-255,memoryarena,memory_to_action,,,False,0.0381,0.2102,6,,,,
memarena-group_travel_planner_test.jsonl-256,memoryarena,memory_to_action,,,False,0.0377,0.2761,6,,,,
memarena-group_travel_planner_test.jsonl-257,memoryarena,memory_to_action,,,False,0.0246,0.1829,7,,,,
memarena-group_travel_planner_test.jsonl-258,memoryarena,memory_to_action,,,False,0.0481,0.2363,6,,,,
memarena-group_travel_planner_test.jsonl-259,memoryarena,memory_to_action,,,False,0.0092,0.246,7,,,,
memarena-group_travel_planner_test.jsonl-260,memoryarena,memory_to_action,,,False,0.0576,0.2993,7,,,,
memarena-group_travel_planner_test.jsonl-261,memoryarena,memory_to_action,,,False,0.0311,0.2893,7,,,,
memarena-group_travel_planner_test.jsonl-262,memoryarena,memory_to_action,,,False,0.0303,0.258,6,,,,
memarena-group_travel_planner_test.jsonl-263,memoryarena,memory_to_action,,,False,0.0432,0.3403,5,,,,
memarena-group_travel_planner_test.jsonl-264,memoryarena,memory_to_action,,,False,0.0526,0.2802,5,,,,
memarena-group_travel_planner_test.jsonl-265,memoryarena,memory_to_action,,,False,0.0299,0.24,7,,,,
memarena-group_travel_planner_test.jsonl-266,memoryarena,memory_to_action,,,False,0.0354,0.2493,5,,,,
memarena-group_travel_planner_test.jsonl-267,memoryarena,memory_to_action,,,False,0.0474,0.1817,7,,,,
memarena-group_travel_planner_test.jsonl-268,memoryarena,memory_to_action,,,False,0.0329,0.2814,7,,,,
memarena-group_travel_planner_test.jsonl-269,memoryarena,memory_to_action,,,False,0.066,0.2758,5,,,,
memarena-formal_reasoning_math_test.jsonl-0,memoryarena,memory_to_action,,,False,0.0333,0.2664,9,,,,
memarena-formal_reasoning_math_test.jsonl-1,memoryarena,memory_to_action,,,False,0.1548,0.6438,9,,,,
memarena-formal_reasoning_math_test.jsonl-2,memoryarena,memory_to_action,,,False,0.325,0.5955,15,,,,
memarena-formal_reasoning_math_test.jsonl-3,memoryarena,memory_to_action,,,False,0.1207,0.3923,19,,,,
memarena-formal_reasoning_math_test.jsonl-4,memoryarena,memory_to_action,,,False,0.2131,0.6819,21,,,,
memarena-formal_reasoning_math_test.jsonl-5,memoryarena,memory_to_action,,,False,0.0714,0.3092,11,,,,
memarena-formal_reasoning_math_test.jsonl-6,memoryarena,memory_to_action,,,False,0.1525,0.4809,19,,,,
memarena-formal_reasoning_math_test.jsonl-7,memoryarena,memory_to_action,,,False,0.0435,0.3738,9,,,,
memarena-formal_reasoning_math_test.jsonl-8,memoryarena,memory_to_action,,,False,0.2444,0.3687,25,,,,
memarena-formal_reasoning_math_test.jsonl-9,memoryarena,memory_to_action,,,False,0.2093,0.69,13,,,,
memarena-formal_reasoning_math_test.jsonl-10,memoryarena,memory_to_action,,,False,0.0588,0.5167,11,,,,
memarena-formal_reasoning_math_test.jsonl-11,memoryarena,memory_to_action,,,False,0.0638,0.5189,15,,,,
memarena-formal_reasoning_math_test.jsonl-12,memoryarena,memory_to_action,,,False,0.1373,0.4639,17,,,,
memarena-formal_reasoning_math_test.jsonl-13,memoryarena,memory_to_action,,,False,0.1667,0.6817,11,,,,
memarena-formal_reasoning_math_test.jsonl-14,memoryarena,memory_to_action,,,False,0.3514,0.6681,13,,,,
memarena-formal_reasoning_math_test.jsonl-15,memoryarena,memory_to_action,,,False,0.1296,0.6493,17,,,,
memarena-formal_reasoning_math_test.jsonl-16,memoryarena,memory_to_action,,,False,0.0851,0.5058,31,,,,
memarena-formal_reasoning_math_test.jsonl-17,memoryarena,memory_to_action,,,False,0.18,0.5047,15,,,,
memarena-formal_reasoning_math_test.jsonl-18,memoryarena,memory_to_action,,,False,0.087,0.5004,13,,,,
memarena-formal_reasoning_math_test.jsonl-19,memoryarena,memory_to_action,,,False,0.1485,0.6141,15,,,,
memarena-formal_reasoning_math_test.jsonl-20,memoryarena,memory_to_action,,,False,0.2105,0.3953,25,,,,
memarena-formal_reasoning_math_test.jsonl-21,memoryarena,memory_to_action,,,False,0.0612,0.6722,27,,,,
memarena-formal_reasoning_math_test.jsonl-22,memoryarena,memory_to_action,,,False,0.14,0.5328,13,,,,
memarena-formal_reasoning_math_test.jsonl-23,memoryarena,memory_to_action,,,False,0.1525,0.5063,17,,,,
memarena-formal_reasoning_math_test.jsonl-24,memoryarena,memory_to_action,,,False,0.0702,0.5223,23,,,,
memarena-formal_reasoning_math_test.jsonl-25,memoryarena,memory_to_action,,,False,0.2051,0.6072,19,,,,
memarena-formal_reasoning_math_test.jsonl-26,memoryarena,memory_to_action,,,False,0.1064,0.4938,25,,,,
memarena-formal_reasoning_math_test.jsonl-27,memoryarena,memory_to_action,,,False,0.0685,0.4187,23,,,,
memarena-formal_reasoning_math_test.jsonl-28,memoryarena,memory_to_action,,,False,0.25,0.5441,17,,,,
memarena-formal_reasoning_math_test.jsonl-29,memoryarena,memory_to_action,,,False,0.1333,0.4821,11,,,,
memarena-formal_reasoning_math_test.jsonl-30,memoryarena,memory_to_action,,,False,0.2558,0.5781,17,,,,
memarena-formal_reasoning_math_test.jsonl-31,memoryarena,memory_to_action,,,False,0.137,0.5374,15,,,,
memarena-formal_reasoning_math_test.jsonl-32,memoryarena,memory_to_action,,,False,0.1143,0.4247,29,,,,
memarena-formal_reasoning_math_test.jsonl-33,memoryarena,memory_to_action,,,False,0.2037,0.6916,21,,,,
memarena-formal_reasoning_math_test.jsonl-34,memoryarena,memory_to_action,,,False,0.3235,0.6288,13,,,,
memarena-formal_reasoning_math_test.jsonl-35,memoryarena,memory_to_action,,,False,0.1042,0.4568,21,,,,
memarena-formal_reasoning_math_test.jsonl-36,memoryarena,memory_to_action,,,False,0.3043,0.7237,13,,,,
memarena-formal_reasoning_math_test.jsonl-37,memoryarena,memory_to_action,,,False,0.2222,0.5301,7,,,,
memarena-formal_reasoning_math_test.jsonl-38,memoryarena,memory_to_action,,,False,0.1525,0.4785,21,,,,
memarena-formal_reasoning_math_test.jsonl-39,memoryarena,memory_to_action,,,False,0.0,0.2,3,,,,
memarena-progressive_search_test.jsonl-0,memoryarena,memory_to_action,,,False,0.195,0.7181,8,,,,
memarena-progressive_search_test.jsonl-1,memoryarena,memory_to_action,,,False,0.2139,0.7343,11,,,,
memarena-progressive_search_test.jsonl-2,memoryarena,memory_to_action,,,False,0.2222,0.7403,5,,,,
memarena-progressive_search_test.jsonl-3,memoryarena,memory_to_action,,,False,0.2203,0.7954,10,,,,
memarena-progressive_search_test.jsonl-4,memoryarena,memory_to_action,,,False,0.1589,0.6578,4,,,,
memarena-progressive_search_test.jsonl-5,memoryarena,memory_to_action,,,False,0.2146,0.7957,8,,,,
memarena-progressive_search_test.jsonl-6,memoryarena,memory_to_action,,,False,0.1531,0.7526,4,,,,
memarena-progressive_search_test.jsonl-7,memoryarena,memory_to_action,,,False,0.1451,0.5327,5,,,,
memarena-progressive_search_test.jsonl-8,memoryarena,memory_to_action,,,False,0.2759,0.8743,5,,,,
memarena-progressive_search_test.jsonl-9,memoryarena,memory_to_action,,,False,0.129,0.7413,7,,,,
memarena-progressive_search_test.jsonl-10,memoryarena,memory_to_action,,,False,0.2093,0.738,3,,,,
memarena-progressive_search_test.jsonl-11,memoryarena,memory_to_action,,,False,0.1235,0.8126,6,,,,
memarena-progressive_search_test.jsonl-12,memoryarena,memory_to_action,,,False,0.1913,0.7976,9,,,,
memarena-progressive_search_test.jsonl-13,memoryarena,memory_to_action,,,False,0.1655,0.808,13,,,,
memarena-progressive_search_test.jsonl-14,memoryarena,memory_to_action,,,False,0.1168,0.7175,8,,,,
memarena-progressive_search_test.jsonl-15,memoryarena,memory_to_action,,,False,0.1085,0.7129,4,,,,
memarena-progressive_search_test.jsonl-16,memoryarena,memory_to_action,,,False,0.1773,0.7094,8,,,,
memarena-progressive_search_test.jsonl-17,memoryarena,memory_to_action,,,False,0.1208,0.8239,5,,,,
memarena-progressive_search_test.jsonl-18,memoryarena,memory_to_action,,,False,0.2429,0.802,4,,,,
memarena-progressive_search_test.jsonl-19,memoryarena,memory_to_action,,,False,0.1739,0.7327,5,,,,
memarena-progressive_search_test.jsonl-20,memoryarena,memory_to_action,,,False,0.1838,0.719,9,,,,
memarena-progressive_search_test.jsonl-21,memoryarena,memory_to_action,,,False,0.1746,0.7418,7,,,,
memarena-progressive_search_test.jsonl-22,memoryarena,memory_to_action,,,False,0.1991,0.7125,7,,,,
memarena-progressive_search_test.jsonl-23,memoryarena,memory_to_action,,,False,0.2073,0.7792,8,,,,
memarena-progressive_search_test.jsonl-24,memoryarena,memory_to_action,,,False,0.119,0.7447,4,,,,
memarena-progressive_search_test.jsonl-25,memoryarena,memory_to_action,,,False,0.2745,0.8003,7,,,,
memarena-progressive_search_test.jsonl-26,memoryarena,memory_to_action,,,False,0.1262,0.7796,4,,,,
memarena-progressive_search_test.jsonl-27,memoryarena,memory_to_action,,,False,0.1712,0.7815,8,,,,
memarena-progressive_search_test.jsonl-28,memoryarena,memory_to_action,,,False,0.1647,0.8111,7,,,,
memarena-progressive_search_test.jsonl-29,memoryarena,memory_to_action,,,False,0.1493,0.6222,8,,,,
memarena-progressive_search_test.jsonl-30,memoryarena,memory_to_action,,,False,0.1888,0.6974,6,,,,
memarena-progressive_search_test.jsonl-31,memoryarena,memory_to_action,,,False,0.1278,0.7538,6,,,,
memarena-progressive_search_test.jsonl-32,memoryarena,memory_to_action,,,False,0.1233,0.5988,5,,,,
memarena-progressive_search_test.jsonl-33,memoryarena,memory_to_action,,,False,0.1701,0.7656,7,,,,
memarena-progressive_search_test.jsonl-34,memoryarena,memory_to_action,,,False,0.1595,0.731,4,,,,
memarena-progressive_search_test.jsonl-35,memoryarena,memory_to_action,,,False,0.1818,0.7049,10,,,,
memarena-progressive_search_test.jsonl-36,memoryarena,memory_to_action,,,False,0.2169,0.7738,8,,,,
memarena-progressive_search_test.jsonl-37,memoryarena,memory_to_action,,,False,0.1429,0.5987,5,,,,
memarena-progressive_search_test.jsonl-38,memoryarena,memory_to_action,,,False,0.1667,0.6895,3,,,,
memarena-progressive_search_test.jsonl-39,memoryarena,memory_to_action,,,False,0.1604,0.7598,7,,,,
memarena-progressive_search_test.jsonl-40,memoryarena,memory_to_action,,,False,0.1604,0.7922,7,,,,
memarena-progressive_search_test.jsonl-41,memoryarena,memory_to_action,,,False,0.176,0.5837,7,,,,
memarena-progressive_search_test.jsonl-42,memoryarena,memory_to_action,,,False,0.1257,0.7211,4,,,,
memarena-progressive_search_test.jsonl-43,memoryarena,memory_to_action,,,False,0.1449,0.791,5,,,,
memarena-progressive_search_test.jsonl-44,memoryarena,memory_to_action,,,False,0.1907,0.7086,5,,,,
memarena-progressive_search_test.jsonl-45,memoryarena,memory_to_action,,,False,0.2182,0.7775,6,,,,
memarena-progressive_search_test.jsonl-46,memoryarena,memory_to_action,,,False,0.125,0.6784,6,,,,
memarena-progressive_search_test.jsonl-47,memoryarena,memory_to_action,,,False,0.1973,0.6577,5,,,,
memarena-progressive_search_test.jsonl-48,memoryarena,memory_to_action,,,False,0.1939,0.7833,5,,,,
memarena-progressive_search_test.jsonl-49,memoryarena,memory_to_action,,,False,0.1818,0.7445,7,,,,
memarena-progressive_search_test.jsonl-50,memoryarena,memory_to_action,,,False,0.1986,0.7899,6,,,,
memarena-progressive_search_test.jsonl-51,memoryarena,memory_to_action,,,False,0.1277,0.6948,7,,,,
memarena-progressive_search_test.jsonl-52,memoryarena,memory_to_action,,,False,0.1792,0.6746,7,,,,
memarena-progressive_search_test.jsonl-53,memoryarena,memory_to_action,,,False,0.1129,0.6604,11,,,,
memarena-progressive_search_test.jsonl-54,memoryarena,memory_to_action,,,False,0.1333,0.7822,7,,,,
memarena-progressive_search_test.jsonl-55,memoryarena,memory_to_action,,,False,0.133,0.6722,3,,,,
memarena-progressive_search_test.jsonl-56,memoryarena,memory_to_action,,,False,0.2108,0.7154,10,,,,
memarena-progressive_search_test.jsonl-57,memoryarena,memory_to_action,,,False,0.1567,0.7588,4,,,,
memarena-progressive_search_test.jsonl-58,memoryarena,memory_to_action,,,False,0.2096,0.8578,10,,,,
memarena-progressive_search_test.jsonl-59,memoryarena,memory_to_action,,,False,0.2165,0.6715,7,,,,
memarena-progressive_search_test.jsonl-60,memoryarena,memory_to_action,,,False,0.2312,0.8582,7,,,,
memarena-progressive_search_test.jsonl-61,memoryarena,memory_to_action,,,False,0.1597,0.7729,4,,,,
memarena-progressive_search_test.jsonl-62,memoryarena,memory_to_action,,,False,0.1255,0.741,6,,,,
memarena-progressive_search_test.jsonl-63,memoryarena,memory_to_action,,,False,0.2319,0.7899,12,,,,
memarena-progressive_search_test.jsonl-64,memoryarena,memory_to_action,,,False,0.1217,0.7245,7,,,,
memarena-progressive_search_test.jsonl-65,memoryarena,memory_to_action,,,False,0.2278,0.7402,5,,,,
memarena-progressive_search_test.jsonl-66,memoryarena,memory_to_action,,,False,0.1526,0.686,5,,,,
memarena-progressive_search_test.jsonl-67,memoryarena,memory_to_action,,,False,0.1336,0.7481,5,,,,
memarena-progressive_search_test.jsonl-68,memoryarena,memory_to_action,,,False,0.1394,0.8325,5,,,,
memarena-progressive_search_test.jsonl-69,memoryarena,memory_to_action,,,False,0.1506,0.7665,6,,,,
memarena-progressive_search_test.jsonl-70,memoryarena,memory_to_action,,,False,0.1843,0.8038,7,,,,
memarena-progressive_search_test.jsonl-71,memoryarena,memory_to_action,,,False,0.211,0.7942,9,,,,
memarena-progressive_search_test.jsonl-72,memoryarena,memory_to_action,,,False,0.1598,0.6616,5,,,,
memarena-progressive_search_test.jsonl-73,memoryarena,memory_to_action,,,False,0.1533,0.7586,6,,,,
memarena-progressive_search_test.jsonl-74,memoryarena,memory_to_action,,,False,0.2115,0.681,9,,,,
memarena-progressive_search_test.jsonl-75,memoryarena,memory_to_action,,,False,0.0996,0.7453,8,,,,
memarena-progressive_search_test.jsonl-76,memoryarena,memory_to_action,,,False,0.2042,0.7141,5,,,,
memarena-progressive_search_test.jsonl-77,memoryarena,memory_to_action,,,False,0.144,0.7575,6,,,,
memarena-progressive_search_test.jsonl-78,memoryarena,memory_to_action,,,False,0.2112,0.6947,8,,,,
memarena-progressive_search_test.jsonl-79,memoryarena,memory_to_action,,,False,0.1685,0.8248,9,,,,
memarena-progressive_search_test.jsonl-80,memoryarena,memory_to_action,,,False,0.2234,0.7525,10,,,,
memarena-progressive_search_test.jsonl-81,memoryarena,memory_to_action,,,False,0.146,0.8328,6,,,,
memarena-progressive_search_test.jsonl-82,memoryarena,memory_to_action,,,False,0.1127,0.7559,6,,,,
memarena-progressive_search_test.jsonl-83,memoryarena,memory_to_action,,,False,0.1862,0.774,9,,,,
memarena-progressive_search_test.jsonl-84,memoryarena,memory_to_action,,,False,0.1818,0.6795,5,,,,
memarena-progressive_search_test.jsonl-85,memoryarena,memory_to_action,,,False,0.2634,0.8451,6,,,,
memarena-progressive_search_test.jsonl-86,memoryarena,memory_to_action,,,False,0.1485,0.8213,8,,,,
memarena-progressive_search_test.jsonl-87,memoryarena,memory_to_action,,,False,0.2057,0.7573,5,,,,
memarena-progressive_search_test.jsonl-88,memoryarena,memory_to_action,,,False,0.2103,0.7279,8,,,,
memarena-progressive_search_test.jsonl-89,memoryarena,memory_to_action,,,False,0.134,0.6918,5,,,,
memarena-progressive_search_test.jsonl-90,memoryarena,memory_to_action,,,False,0.1957,0.7897,11,,,,
memarena-progressive_search_test.jsonl-91,memoryarena,memory_to_action,,,False,0.203,0.8657,6,,,,
memarena-progressive_search_test.jsonl-92,memoryarena,memory_to_action,,,False,0.1336,0.7132,6,,,,
memarena-progressive_search_test.jsonl-93,memoryarena,memory_to_action,,,False,0.1923,0.7905,4,,,,
memarena-progressive_search_test.jsonl-94,memoryarena,memory_to_action,,,False,0.1448,0.6237,6,,,,
memarena-progressive_search_test.jsonl-95,memoryarena,memory_to_action,,,False,0.1966,0.687,4,,,,
memarena-progressive_search_test.jsonl-96,memoryarena,memory_to_action,,,False,0.2205,0.798,4,,,,
memarena-progressive_search_test.jsonl-97,memoryarena,memory_to_action,,,False,0.2184,0.6508,7,,,,
memarena-progressive_search_test.jsonl-98,memoryarena,memory_to_action,,,False,0.2903,0.6741,5,,,,
memarena-progressive_search_test.jsonl-99,memoryarena,memory_to_action,,,False,0.1143,0.7403,7,,,,
memarena-progressive_search_test.jsonl-100,memoryarena,memory_to_action,,,False,0.1579,0.6995,7,,,,
memarena-progressive_search_test.jsonl-101,memoryarena,memory_to_action,,,False,0.1753,0.7195,5,,,,
memarena-progressive_search_test.jsonl-102,memoryarena,memory_to_action,,,False,0.1415,0.7927,4,,,,
memarena-progressive_search_test.jsonl-103,memoryarena,memory_to_action,,,False,0.2086,0.7851,7,,,,
memarena-progressive_search_test.jsonl-104,memoryarena,memory_to_action,,,False,0.1483,0.6931,5,,,,
memarena-progressive_search_test.jsonl-105,memoryarena,memory_to_action,,,False,0.2156,0.7349,6,,,,
memarena-progressive_search_test.jsonl-106,memoryarena,memory_to_action,,,False,0.1955,0.7352,6,,,,
memarena-progressive_search_test.jsonl-107,memoryarena,memory_to_action,,,False,0.155,0.7914,6,,,,
memarena-progressive_search_test.jsonl-108,memoryarena,memory_to_action,,,False,0.2292,0.7123,8,,,,
memarena-progressive_search_test.jsonl-109,memoryarena,memory_to_action,,,False,0.1439,0.7517,7,,,,
memarena-progressive_search_test.jsonl-110,memoryarena,memory_to_action,,,False,0.1476,0.7667,6,,,,
memarena-progressive_search_test.jsonl-111,memoryarena,memory_to_action,,,False,0.1288,0.7707,6,,,,
memarena-progressive_search_test.jsonl-112,memoryarena,memory_to_action,,,False,0.1494,0.7064,7,,,,
memarena-progressive_search_test.jsonl-113,memoryarena,memory_to_action,,,False,0.2096,0.7552,6,,,,
memarena-progressive_search_test.jsonl-114,memoryarena,memory_to_action,,,False,0.1657,0.7637,6,,,,
memarena-progressive_search_test.jsonl-115,memoryarena,memory_to_action,,,False,0.1542,0.8169,10,,,,
memarena-progressive_search_test.jsonl-116,memoryarena,memory_to_action,,,False,0.1396,0.7055,4,,,,
memarena-progressive_search_test.jsonl-117,memoryarena,memory_to_action,,,False,0.1615,0.7272,7,,,,
memarena-progressive_search_test.jsonl-118,memoryarena,memory_to_action,,,False,0.2148,0.6703,5,,,,
memarena-progressive_search_test.jsonl-119,memoryarena,memory_to_action,,,False,0.0833,0.7496,4,,,,
memarena-progressive_search_test.jsonl-120,memoryarena,memory_to_action,,,False,0.1897,0.7491,10,,,,
memarena-progressive_search_test.jsonl-121,memoryarena,memory_to_action,,,False,0.1437,0.6864,4,,,,
memarena-progressive_search_test.jsonl-122,memoryarena,memory_to_action,,,False,0.1718,0.7341,8,,,,
memarena-progressive_search_test.jsonl-123,memoryarena,memory_to_action,,,False,0.1369,0.6753,5,,,,
memarena-progressive_search_test.jsonl-124,memoryarena,memory_to_action,,,False,0.1943,0.7744,7,,,,
memarena-progressive_search_test.jsonl-125,memoryarena,memory_to_action,,,False,0.1514,0.7858,5,,,,
memarena-progressive_search_test.jsonl-126,memoryarena,memory_to_action,,,False,0.2481,0.8178,10,,,,
memarena-progressive_search_test.jsonl-127,memoryarena,memory_to_action,,,False,0.149,0.6974,6,,,,
memarena-progressive_search_test.jsonl-128,memoryarena,memory_to_action,,,False,0.1718,0.7588,7,,,,
memarena-progressive_search_test.jsonl-129,memoryarena,memory_to_action,,,False,0.1518,0.6768,5,,,,
memarena-progressive_search_test.jsonl-130,memoryarena,memory_to_action,,,False,0.1886,0.7354,4,,,,
memarena-progressive_search_test.jsonl-131,memoryarena,memory_to_action,,,False,0.1506,0.5564,6,,,,
memarena-progressive_search_test.jsonl-132,memoryarena,memory_to_action,,,False,0.1496,0.6622,6,,,,
memarena-progressive_search_test.jsonl-133,memoryarena,memory_to_action,,,False,0.1733,0.7048,8,,,,
memarena-progressive_search_test.jsonl-134,memoryarena,memory_to_action,,,False,0.2928,0.8064,7,,,,
memarena-progressive_search_test.jsonl-135,memoryarena,memory_to_action,,,False,0.0918,0.6495,5,,,,
memarena-progressive_search_test.jsonl-136,memoryarena,memory_to_action,,,False,0.1283,0.8038,7,,,,
memarena-progressive_search_test.jsonl-137,memoryarena,memory_to_action,,,False,0.1841,0.8192,9,,,,
memarena-progressive_search_test.jsonl-138,memoryarena,memory_to_action,,,False,0.1633,0.7062,6,,,,
memarena-progressive_search_test.jsonl-139,memoryarena,memory_to_action,,,False,0.2252,0.7866,5,,,,
memarena-progressive_search_test.jsonl-140,memoryarena,memory_to_action,,,False,0.1408,0.8217,6,,,,
memarena-progressive_search_test.jsonl-141,memoryarena,memory_to_action,,,False,0.1878,0.7424,4,,,,
memarena-progressive_search_test.jsonl-142,memoryarena,memory_to_action,,,False,0.1533,0.7914,4,,,,
memarena-progressive_search_test.jsonl-143,memoryarena,memory_to_action,,,False,0.1638,0.6267,5,,,,
memarena-progressive_search_test.jsonl-144,memoryarena,memory_to_action,,,False,0.112,0.7582,7,,,,
memarena-progressive_search_test.jsonl-145,memoryarena,memory_to_action,,,False,0.2541,0.7711,6,,,,
memarena-progressive_search_test.jsonl-146,memoryarena,memory_to_action,,,False,0.1441,0.7514,4,,,,
memarena-progressive_search_test.jsonl-147,memoryarena,memory_to_action,,,False,0.1228,0.7514,6,,,,
memarena-progressive_search_test.jsonl-148,memoryarena,memory_to_action,,,False,0.1495,0.7517,6,,,,
memarena-progressive_search_test.jsonl-149,memoryarena,memory_to_action,,,False,0.1548,0.737,4,,,,
memarena-progressive_search_test.jsonl-150,memoryarena,memory_to_action,,,False,0.1328,0.8036,7,,,,
memarena-progressive_search_test.jsonl-151,memoryarena,memory_to_action,,,False,0.1746,0.7912,6,,,,
memarena-progressive_search_test.jsonl-152,memoryarena,memory_to_action,,,False,0.1925,0.7827,7,,,,
memarena-progressive_search_test.jsonl-153,memoryarena,memory_to_action,,,False,0.1392,0.7913,4,,,,
memarena-progressive_search_test.jsonl-154,memoryarena,memory_to_action,,,False,0.1181,0.7728,7,,,,
memarena-progressive_search_test.jsonl-155,memoryarena,memory_to_action,,,False,0.124,0.7681,9,,,,
memarena-progressive_search_test.jsonl-156,memoryarena,memory_to_action,,,False,0.1309,0.6491,4,,,,
memarena-progressive_search_test.jsonl-157,memoryarena,memory_to_action,,,False,0.2418,0.7085,4,,,,
memarena-progressive_search_test.jsonl-158,memoryarena,memory_to_action,,,False,0.114,0.7748,6,,,,
memarena-progressive_search_test.jsonl-159,memoryarena,memory_to_action,,,False,0.2168,0.8623,8,,,,
memarena-progressive_search_test.jsonl-160,memoryarena,memory_to_action,,,False,0.1475,0.8129,5,,,,
memarena-progressive_search_test.jsonl-161,memoryarena,memory_to_action,,,False,0.1835,0.7253,15,,,,
memarena-progressive_search_test.jsonl-162,memoryarena,memory_to_action,,,False,0.1228,0.6829,4,,,,
memarena-progressive_search_test.jsonl-163,memoryarena,memory_to_action,,,False,0.144,0.7849,7,,,,
memarena-progressive_search_test.jsonl-164,memoryarena,memory_to_action,,,False,0.1131,0.7168,6,,,,
memarena-progressive_search_test.jsonl-165,memoryarena,memory_to_action,,,False,0.2128,0.7245,6,,,,
memarena-progressive_search_test.jsonl-166,memoryarena,memory_to_action,,,False,0.1535,0.7254,6,,,,
memarena-progressive_search_test.jsonl-167,memoryarena,memory_to_action,,,False,0.1402,0.6262,6,,,,
memarena-progressive_search_test.jsonl-168,memoryarena,memory_to_action,,,False,0.2044,0.7987,9,,,,
memarena-progressive_search_test.jsonl-169,memoryarena,memory_to_action,,,False,0.1266,0.6782,6,,,,
memarena-progressive_search_test.jsonl-170,memoryarena,memory_to_action,,,False,0.1675,0.8064,7,,,,
memarena-progressive_search_test.jsonl-171,memoryarena,memory_to_action,,,False,0.237,0.7365,3,,,,
memarena-progressive_search_test.jsonl-172,memoryarena,memory_to_action,,,False,0.1082,0.6403,7,,,,
memarena-progressive_search_test.jsonl-173,memoryarena,memory_to_action,,,False,0.218,0.6695,5,,,,
memarena-progressive_search_test.jsonl-174,memoryarena,memory_to_action,,,False,0.1583,0.7799,5,,,,
memarena-progressive_search_test.jsonl-175,memoryarena,memory_to_action,,,False,0.1988,0.8019,6,,,,
memarena-progressive_search_test.jsonl-176,memoryarena,memory_to_action,,,False,0.1667,0.8327,8,,,,
memarena-progressive_search_test.jsonl-177,memoryarena,memory_to_action,,,False,0.181,0.6048,10,,,,
memarena-progressive_search_test.jsonl-178,memoryarena,memory_to_action,,,False,0.2339,0.7393,11,,,,
memarena-progressive_search_test.jsonl-179,memoryarena,memory_to_action,,,False,0.1562,0.769,8,,,,
memarena-progressive_search_test.jsonl-180,memoryarena,memory_to_action,,,False,0.125,0.7443,6,,,,
memarena-progressive_search_test.jsonl-181,memoryarena,memory_to_action,,,False,0.1602,0.6768,7,,,,
memarena-progressive_search_test.jsonl-182,memoryarena,memory_to_action,,,False,0.1905,0.5968,6,,,,
memarena-progressive_search_test.jsonl-183,memoryarena,memory_to_action,,,False,0.228,0.7427,5,,,,
memarena-progressive_search_test.jsonl-184,memoryarena,memory_to_action,,,False,0.1487,0.7093,6,,,,
memarena-progressive_search_test.jsonl-185,memoryarena,memory_to_action,,,False,0.1849,0.6427,3,,,,
memarena-progressive_search_test.jsonl-186,memoryarena,memory_to_action,,,False,0.2048,0.8026,7,,,,
memarena-progressive_search_test.jsonl-187,memoryarena,memory_to_action,,,False,0.2222,0.6928,4,,,,
memarena-progressive_search_test.jsonl-188,memoryarena,memory_to_action,,,False,0.1073,0.7176,5,,,,
memarena-progressive_search_test.jsonl-189,memoryarena,memory_to_action,,,False,0.1278,0.5714,6,,,,
memarena-progressive_search_test.jsonl-190,memoryarena,memory_to_action,,,False,0.1384,0.7836,7,,,,
memarena-progressive_search_test.jsonl-191,memoryarena,memory_to_action,,,False,0.1594,0.8057,8,,,,
memarena-progressive_search_test.jsonl-192,memoryarena,memory_to_action,,,False,0.1888,0.7659,8,,,,
memarena-progressive_search_test.jsonl-193,memoryarena,memory_to_action,,,False,0.1318,0.7919,9,,,,
memarena-progressive_search_test.jsonl-194,memoryarena,memory_to_action,,,False,0.235,0.7562,3,,,,
memarena-progressive_search_test.jsonl-195,memoryarena,memory_to_action,,,False,0.1485,0.7659,7,,,,
memarena-progressive_search_test.jsonl-196,memoryarena,memory_to_action,,,False,0.2214,0.7998,5,,,,
memarena-progressive_search_test.jsonl-197,memoryarena,memory_to_action,,,False,0.1439,0.7594,5,,,,
memarena-progressive_search_test.jsonl-198,memoryarena,memory_to_action,,,False,0.1899,0.7959,5,,,,
memarena-progressive_search_test.jsonl-199,memoryarena,memory_to_action,,,False,0.1814,0.7275,10,,,,
memarena-progressive_search_test.jsonl-200,memoryarena,memory_to_action,,,False,0.244,0.7635,9,,,,
memarena-progressive_search_test.jsonl-201,memoryarena,memory_to_action,,,False,0.1459,0.7299,5,,,,
memarena-progressive_search_test.jsonl-202,memoryarena,memory_to_action,,,False,0.1949,0.8045,6,,,,
memarena-progressive_search_test.jsonl-203,memoryarena,memory_to_action,,,False,0.1519,0.789,4,,,,
memarena-progressive_search_test.jsonl-204,memoryarena,memory_to_action,,,False,0.1095,0.7061,7,,,,
memarena-progressive_search_test.jsonl-205,memoryarena,memory_to_action,,,False,0.2222,0.8747,7,,,,
memarena-progressive_search_test.jsonl-206,memoryarena,memory_to_action,,,False,0.2042,0.7465,7,,,,
memarena-progressive_search_test.jsonl-207,memoryarena,memory_to_action,,,False,0.1926,0.8062,5,,,,
memarena-progressive_search_test.jsonl-208,memoryarena,memory_to_action,,,False,0.1667,0.6658,4,,,,
memarena-progressive_search_test.jsonl-209,memoryarena,memory_to_action,,,False,0.1639,0.7965,9,,,,
memarena-progressive_search_test.jsonl-210,memoryarena,memory_to_action,,,False,0.1324,0.6776,7,,,,
memarena-progressive_search_test.jsonl-211,memoryarena,memory_to_action,,,False,0.1468,0.7906,10,,,,
memarena-progressive_search_test.jsonl-212,memoryarena,memory_to_action,,,False,0.1747,0.793,3,,,,
memarena-progressive_search_test.jsonl-213,memoryarena,memory_to_action,,,False,0.157,0.7612,6,,,,
memarena-progressive_search_test.jsonl-214,memoryarena,memory_to_action,,,False,0.1986,0.7483,13,,,,
memarena-progressive_search_test.jsonl-215,memoryarena,memory_to_action,,,False,0.1643,0.7467,5,,,,
memarena-progressive_search_test.jsonl-216,memoryarena,memory_to_action,,,False,0.1033,0.6274,7,,,,
memarena-progressive_search_test.jsonl-217,memoryarena,memory_to_action,,,False,0.2115,0.821,7,,,,
memarena-progressive_search_test.jsonl-218,memoryarena,memory_to_action,,,False,0.1311,0.8066,4,,,,
memarena-progressive_search_test.jsonl-219,memoryarena,memory_to_action,,,False,0.1277,0.7252,9,,,,
memarena-progressive_search_test.jsonl-220,memoryarena,memory_to_action,,,False,0.2029,0.7501,5,,,,
